POS	REF	ALT	TRUTH	CALLED_GT
601	T	G	HOM	1/1
1201	A	T	HET	0/1
1801	C	T	HET	0/1
2401	C	CCAA	HOM	1/1
3001	A	T	HET	0/1
3601	CAG	C	HET	0/1
4201	C	A	HOM	1/1
4801	A	T	HET	0/1
5401	A	C	HET	0/1
6001	T	C	HOM	1/1
6601	C	CTGG	HET	0/1
7201	A	T	HET	0/1
7801	TCG	T	HOM	1/1
8401	A	C	HET	0/1
9001	C	T	HET	0/1
9601	T	A	HOM	1/1
10201	A	C	HET	0/1
10801	G	GCGC	HET	0/1
11401	A	G	HOM	1/1
12001	GAA	G	HET	0/1
12601	C	T	HET	0/1
13201	C	G	HOM	1/1
13801	A	T	HET	0/1
14401	C	A	HET	0/1
15001	C	CATG	HOM	1/1
15601	A	T	HET	0/1
16201	AAG	A	HET	0/1
16801	C	G	HOM	1/1
17401	A	T	HET	0/1
18001	T	G	HET	0/1
18601	C	A	HOM	1/1
19199	A	ATAT	HET	0/1
