dump_line	read_len	hap_len	log10_likelihood
2	31	41	-1.6744957213908265
3	31	41	-5.151171874103284
4	41	41	-1.6798653300336923
5	41	41	-5.156541482767182
6	41	41	-1.6798653300336923
7	41	41	-5.156541482767182
8	27	41	-1.672414545254469
9	27	41	-5.149090508240249
10	41	41	-5.1565202712806695
11	41	41	-8.633196424014159
12	41	41	-1.6798653300336923
13	41	41	-5.156541482767182
14	41	41	-1.6798653300336923
15	41	41	-5.156541482767182
16	41	41	-1.6798653300336923
17	41	41	-5.156541482767182
18	41	41	-1.6798653300336923
19	41	41	-5.156541482767182
20	41	41	-1.6798653300336923
21	41	41	-5.156541482767182
22	41	41	-1.6798653300336923
23	41	41	-5.156541482767182
24	23	41	-1.6703681014528797
25	23	41	-5.145524583084352
26	41	41	-1.6798653300336923
27	41	41	-5.156541482767182
28	41	41	-1.6798653300336923
29	41	41	-5.156541482767182
30	41	41	-1.6798653300336923
31	41	41	-5.156541482767182
32	41	41	-1.6798653300336923
33	41	41	-5.156541482767182
34	41	41	-1.6798653300336923
35	41	41	-5.156541482767182
36	41	41	-1.6798653300336923
37	41	41	-5.156541482767182
38	30	41	-1.6739786362002747
39	30	41	-5.150654775734836
40	41	41	-1.6798653300336923
41	41	41	-5.156541482767182
42	12	41	-1.6646251548883129
43	12	41	-1.6646251548887108
44	41	41	-1.6798653300336923
45	41	41	-5.156541482767182
46	18	41	-1.6677612498038457
47	18	41	-1.6677612497682048
48	41	41	-1.6798653300336923
49	41	41	-5.156541482767182
50	41	41	-1.6798653300336923
51	41	41	-5.156541482767182
52	41	41	-5.156500593874284
53	41	41	-8.633176746607774
54	41	41	-1.6798653300336923
55	41	41	-5.156541482767182
56	41	41	-1.6798653300336923
57	41	41	-5.156541482767182
58	41	41	-1.6798653300336923
59	41	41	-5.156541482767182
60	41	41	-1.6798653300336923
61	41	41	-5.156541482767182
62	38	41	-1.678292952048821
63	38	41	-5.154969104782367
64	38	41	-1.678292952048821
65	38	41	-5.154969104782367
66	35	41	-1.6767362410874966
67	35	41	-5.153412393820986
68	33	41	-1.6756550857501225
69	33	41	-5.152331238483555
70	33	41	-1.6756550857501225
71	33	41	-5.152331238483555
72	31	41	-1.6746514966940822
73	31	41	-5.151327649296547
74	29	41	-1.673608653866495
75	29	41	-5.150284806112609
76	23	41	-1.670440967461559
77	23	41	-5.147072439172234
78	22	41	-1.6699199996736525
79	22	41	-5.146472512562639
80	15	41	-1.666270274930696
81	15	41	-1.666270274930696
82	11	41	-1.6639761685522103
83	11	41	-1.6639761685618737
84	41	41	-1.6796629018771796
85	41	41	-5.156348984127305
86	35	41	-1.6766115896094789
87	35	41	-5.153297671859605
88	15	41	-1.6661891901993613
89	15	41	-1.6661891902384696
90	41	41	-1.6796629018771796
91	41	41	-5.156348984127305
92	41	41	-1.6796629018771796
93	41	41	-5.156348984127305
94	41	41	-1.6796629018771796
95	41	41	-5.156348984127305
96	41	41	-1.6796629018771796
97	41	41	-5.156348984127305
98	41	41	-1.6796629018771796
99	41	41	-5.156348984127305
100	41	41	-1.6796629018771796
101	41	41	-5.156348984127305
102	41	41	-1.6796629018771796
103	41	41	-5.156348984127305
104	41	41	-5.156348984127305
105	41	41	-1.6796629015961457
106	41	41	-5.156348984127305
107	41	41	-1.6796629015961457
108	41	41	-5.156348984127305
109	41	41	-1.6796629015961457
110	41	41	-5.156348984127305
111	41	41	-1.6796629015961457
112	41	41	-5.156348984127305
113	41	41	-1.6796629015961457
114	29	41	-5.150169890502809
115	29	41	-1.6734838095013629
116	24	41	-5.14723931710688
117	24	41	-1.6708307845826198
118	22	41	-5.09837637490466
119	22	41	-1.66982247778202
120	29	41	-5.150169890502809
121	29	41	-1.6734838095013629
122	41	41	-5.156348984127305
123	41	41	-1.6796629015961457
124	41	41	-5.156348984127305
125	41	41	-1.6796629015961457
126	41	41	-1.6796629018771796
127	41	41	-5.156348984127305
128	41	41	-1.6796629018771796
129	41	41	-5.156348984127305
130	41	41	-1.6796629018771796
131	41	41	-5.156348984127305
132	31	41	-1.6744842758470782
133	31	41	-5.1511703580795825
134	41	41	-1.6796629018771796
135	41	41	-5.156348984127305
136	41	41	-1.6796629018771796
137	41	41	-5.156348984127305
138	41	41	-1.6796629018771796
139	41	41	-5.156348984127305
140	41	41	-5.156348984127305
141	41	41	-1.6796629015961457
142	41	41	-5.156348984127305
143	41	41	-1.6796629015961457
144	41	41	-5.156348984127305
145	41	41	-1.6796629015961457
146	41	41	-5.156348984127305
147	41	41	-1.6796629015961457
148	41	41	-5.156348984127305
149	41	41	-1.6796629015961457
150	41	41	-5.156348984127305
151	41	41	-1.6796629015961457
152	41	41	-5.156348984127305
153	41	41	-1.6796629015961457
154	32	41	-5.151664297389857
155	32	41	-1.6749782148706913
156	30	41	-5.150582473380894
157	30	41	-1.6738963908634332
158	29	41	-1.6733743263523593
159	29	41	-5.150060408595493
160	25	41	-1.6712890966684881
161	25	41	-5.14797516034298
162	19	41	-1.6682004102743804
163	19	41	-1.6681925891936658
164	17	41	-1.6671181772069303
165	17	41	-1.6671181772071009
166	16	41	-1.6666358838472775
167	16	41	-1.666635883847448
168	10	41	-1.663389943341997
169	10	41	-1.663389943341997
170	41	41	-1.679842794998649
171	41	41	-5.156529409661175
172	12	41	-1.6647226856267139
173	12	41	-1.6647226856267139
174	41	41	-1.679842794998649
175	41	41	-5.156529409661175
176	41	41	-5.156529409661175
177	41	41	-1.6798427949287316
178	41	41	-1.679842794998649
179	41	41	-5.156529409661175
180	41	41	-1.679842794998649
181	41	41	-5.156529409661175
182	41	41	-1.679842794998649
183	41	41	-5.156529409661175
184	41	41	-1.679842794998649
185	41	41	-5.156529409661175
186	14	41	-1.66572257051223
187	14	41	-1.665722570473008
188	41	41	-1.679842794998649
189	41	41	-5.156529409661175
190	41	41	-1.679842794998649
191	41	41	-5.156529409661175
192	41	41	-5.156529409661175
193	41	41	-1.6798427949287316
194	41	41	-5.156529409661175
195	41	41	-1.6798427949287316
196	41	41	-5.156529409661175
197	41	41	-1.6798427949287316
198	35	41	-5.153283747359751
199	35	41	-1.6765971326273075
200	41	41	-5.156529409661175
201	41	41	-1.6798427949287316
202	41	41	-5.156529409661175
203	41	41	-1.6798427949287316
204	41	41	-1.679842794998649
205	41	41	-5.156529409661175
206	33	41	-1.6756326092924496
207	33	41	-5.152319223954464
208	41	41	-1.679842794998649
209	41	41	-5.156529409661175
210	22	41	-1.6699366004308445
211	22	41	-5.132199328103013
212	41	41	-1.679842794998649
213	41	41	-5.156529409661175
214	41	41	-5.156529409661175
215	41	41	-1.6798427949287316
216	41	41	-5.156529409661175
217	41	41	-1.6798427949287316
218	41	41	-5.156529409661175
219	41	41	-1.6798427949287316
220	38	41	-5.154961379221277
221	38	41	-1.6782747644888332
222	37	41	-1.67771811764311
223	37	41	-5.154404732305636
224	33	41	-1.675382427845932
225	33	41	-5.152069042504252
226	29	41	-5.1501434326463595
227	29	41	-1.6734568180344809
228	27	41	-5.149135625506631
229	27	41	-1.6724492475528336
230	23	41	-1.6703289527719676
231	23	41	-5.146972048112389
232	22	41	-5.146407576377555
233	22	41	-1.6698076320169548
234	17	41	-1.6672320078989173
235	17	41	-1.6672319687713753
236	16	41	-1.6667101760208425
237	16	41	-1.6667101799301918
238	88	151	-8.313581700817963
239	88	154	-2.278994094709674
240	149	151	-8.345346593815009
241	149	154	-2.3107589871360688
242	29	151	-2.2396851419758264
243	29	154	-2.248228915519121
244	134	151	-8.337565405165037
245	134	154	-2.302977798486154
246	100	151	-8.319830490496656
247	100	154	-2.285242883817773
248	30	151	-2.240210466822816
249	30	154	-2.248754240366111
250	99	151	-8.319313418301022
251	99	154	-2.2847258116221383
252	145	151	-8.343260714800806
253	145	154	-2.3086731081219227
254	133	151	-8.336958020083387
255	133	154	-2.3023704134045033
256	26	151	-2.238121433198046
257	26	154	-2.2466652067413406
258	148	151	-15.298187905342445
259	148	154	-9.263600298663619
260	51	151	-2.2511597305285136
261	51	154	-2.2597035040718083
262	115	151	-8.327659361867461
263	115	154	-2.2930717551885778
264	116	151	-8.32817683888328
265	116	154	-2.29358923220434
266	48	151	-2.2495564825548513
267	48	154	-2.258100256098146
268	137	151	-8.339125726275654
269	137	154	-2.3045381195967707
270	96	151	-8.317714057648516
271	96	154	-2.2831264509696325
272	15	151	-2.2323510286530563
273	15	154	-2.240894802196351
274	129	151	-11.811634628462286
275	129	154	-5.777047021783403
276	30	151	-2.240210466822816
277	30	154	-2.248754240366111
278	72	151	-2.262108696245434
279	72	154	-2.2706524658790386
280	75	151	-2.263672090083105
281	75	154	-2.2722162150959093
282	14	151	-2.2318296984644235
283	14	154	-2.240373472007718
284	85	151	-8.31201707821549
285	85	154	-2.277430036205544
286	122	151	-15.180707414525898
287	122	154	-9.146119807847015
288	91	151	-8.315142270785543
289	91	154	-2.280554664109161
290	80	151	-8.208826670524786
291	80	154	-2.2748156956933485
292	150	151	-8.345907519633386
293	150	154	-2.3113199129545023
294	149	151	-8.345347106147074
295	149	154	-2.3107594994681904
296	146	151	-11.820454623848832
297	146	154	-5.785867017169949
298	142	151	-8.341657919509544
299	142	154	-2.3070703128306604
300	132	151	-8.379673168426336
301	132	154	-2.345085561747453
302	127	151	-8.333872891535236
303	127	154	-2.299285284856353
304	126	151	-8.333351068024797
305	126	154	-2.2987634613459136
306	122	151	-8.331230727851391
307	122	154	-2.296643121172508
308	114	151	-8.327098872064653
309	114	154	-2.2925112653857695
310	105	151	-8.322366994355889
311	105	154	-2.2877793876770056
312	103	151	-8.321359732198857
313	103	154	-2.286772125519974
314	100	151	-8.319795637238542
315	100	154	-2.285208030559602
316	100	151	-11.796471715777727
317	100	154	-5.761884109098844
318	96	151	-8.317674523401251
319	96	154	-2.283086916722368
320	96	151	-11.794350572507426
321	96	154	-5.759762965828543
322	94	151	-8.31663178963305
323	94	154	-2.2820441829541664
324	89	151	-8.314064384259268
325	89	154	-2.279476777582545
326	88	151	-8.313503520476672
327	88	154	-2.278915913857759
328	86	151	-8.312496346326839
329	86	154	-2.2779087396866657
330	85	151	-8.311978865458002
331	85	154	-2.2773912741087656
332	71	151	-2.2615439394223813
333	71	154	-2.2700877090545646
334	59	151	-2.255252601620384
335	59	154	-2.263796375163679
336	57	151	-2.254244981594127
337	57	154	-2.2627887551374215
338	53	151	-2.252120023253781
339	53	154	-2.2606637967970755
340	52	151	-2.2516408637480367
341	52	154	-2.2601846372913315
342	50	151	-2.250555467385766
343	50	154	-2.2590992409290607
344	48	151	-2.249512696902002
345	48	154	-2.258056470445297
346	47	151	-2.2489956099227584
347	47	154	-2.257539383466053
348	45	151	-2.247992363020387
349	45	154	-2.256536136563682
350	37	151	-2.243816679941915
351	37	154	-2.2523604534852097
352	36	151	-2.243260463608806
353	36	154	-2.2518042371521005
354	33	151	-5.7183965905964556
355	33	154	-5.72694036413975
356	26	151	-2.238086221723222
357	26	154	-2.2466299952665167
358	14	151	-2.2318296850123147
359	14	154	-2.2403734585556663
360	14	151	-2.2318296850123147
361	14	154	-2.2403734585556663
362	12	151	-2.230786882054076
363	12	154	-2.239330655597371
364	11	151	-2.2734540571533444
365	11	154	-2.2819978306965254
366	41	41	-1.6797524740433118
367	41	41	-5.156417672434429
368	16	41	-1.7138413078367876
369	16	41	-1.7138413160641903
370	41	41	-1.6797524740433118
371	41	41	-5.156417672434429
372	41	41	-1.6797524740433118
373	41	41	-5.156417672434429
374	20	41	-1.6687605369814378
375	20	41	-1.6687957127567756
376	41	41	-1.6797524740433118
377	41	41	-5.156417672434429
378	41	41	-1.6797524740433118
379	41	41	-5.156417672434429
380	41	41	-5.155254303753452
381	41	41	-8.631919502144626
382	41	41	-1.6797524740433118
383	41	41	-5.156417672434429
384	32	41	-5.151607985544786
385	32	41	-1.6749428081612905
386	41	41	-5.156417672434429
387	41	41	-1.6797524950489446
388	41	41	-5.156417672434429
389	41	41	-1.6797524950489446
390	41	41	-5.156417672434429
391	41	41	-1.6797524950489446
392	41	41	-5.156417672434429
393	41	41	-1.6797524950489446
394	41	41	-5.156417672434429
395	41	41	-1.6797524950489446
396	41	41	-1.6797524740433118
397	41	41	-5.156417672434429
398	41	41	-1.6797524740433118
399	41	41	-5.156417672434429
400	17	41	-5.142321494816144
401	17	41	-5.142321494822113
402	41	41	-1.6797524740433118
403	41	41	-5.156417672434429
404	41	41	-1.6797524740433118
405	41	41	-5.156417672434429
406	24	41	-1.6708417588332622
407	24	41	-5.147235746174658
408	41	41	-1.6797524740433118
409	41	41	-5.156417672434429
410	15	41	-1.6661572249221877
411	15	41	-1.6661572253144072
412	28	41	-5.149639352929967
413	28	41	-1.672974194692074
414	41	41	-5.156417672434429
415	41	41	-1.6797524950489446
416	41	41	-5.156417672434429
417	41	41	-1.6797524950489446
418	41	41	-5.156417672434429
419	41	41	-1.6797524950489446
420	41	41	-5.156417672434429
421	41	41	-1.6797524950489446
422	37	41	-1.7247905502732124
423	37	41	-5.20145574866433
424	32	41	-1.6750525831988057
425	32	41	-5.151717781577986
426	29	41	-5.15012225865371
427	29	41	-1.673457086372025
428	29	41	-5.15012225865371
429	29	41	-1.673457086372025
430	26	41	-1.6718929028248226
431	26	41	-5.148556655356401
432	72	151	-2.26219394068994
433	72	153	-2.267908424218433
434	74	151	-2.263237482902241
435	74	153	-2.2689518882139055
436	92	151	-7.316903600848718
437	92	153	-2.2782964506988606
438	16	151	-2.2329072822271314
439	16	153	-2.2386217657515886
440	130	151	-7.336717165645894
441	130	153	-2.298110015496036
442	118	151	-7.3304605642312595
443	118	153	-2.2918534140814018
444	116	151	-7.3294565168069425
445	116	153	-2.290849366657085
446	78	151	-7.20532676358755
447	78	153	-2.271037444157514
448	148	151	-7.346101948717205
449	148	153	-2.3074947985673475
450	117	151	-7.32993853249036
451	117	153	-2.291331382340502
452	17	151	-2.2333899719557735
453	17	153	-2.239104455480174
454	122	151	-2.28821671436242
455	122	153	-7.3392956044371545
456	91	151	-2.272057912720129
457	91	153	-7.32313680279475
458	12	151	-2.2307822218357956
459	12	153	-2.236496705358661
460	50	151	-2.2506345328280304
461	50	153	-2.2563490163524875
462	57	151	-2.2541586732762084
463	57	153	-2.2598731568006656
464	104	151	-7.323192622349325
465	104	153	-2.284585472199467
466	79	151	-7.21995559793595
467	79	153	-2.2715193848060267
468	94	151	-7.317869389377734
469	94	153	-2.2792622392279327
470	24	151	-2.2370782644333076
471	24	153	-2.2427927479577647
472	21	151	-2.2355102518734498
473	21	153	-2.24122473539785
474	119	151	-2.286656448035444
475	119	153	-7.337735338110178
476	57	151	-2.2541586732762084
477	57	153	-2.2598731568006656
478	31	151	-5.705748360363486
479	31	153	-5.711462843887944
480	128	151	-5.768028607234953
481	128	153	-10.819107497309687
482	150	151	-7.346987938396865
483	150	153	-2.308380788247007
484	147	151	-7.345713320445043
485	147	153	-2.307106170295185
486	145	151	-2.3003489138947657
487	145	153	-7.3514278039695
488	145	151	-2.3003489138947657
489	145	153	-7.3514278039695
490	146	151	-7.345191571818873
491	146	153	-2.3065844216690152
492	140	151	-7.342062973928705
493	140	153	-2.3034558237788474
494	138	151	-7.3410205898752565
495	138	153	-2.302413439725399
496	136	151	-2.2956561833249793
497	136	153	-7.346735073399657
498	135	151	-10.816103677735498
499	135	153	-5.77749652758564
500	120	151	-7.331620542018925
501	120	153	-2.293013391869067
502	116	151	-7.329511549745973
503	116	153	-2.2909043995961156
504	82	151	-5.744088387702163
505	82	153	-10.795079600448105
506	77	151	-2.2648049431876984
507	77	153	-7.305118703042638
508	73	151	-2.262719872490379
509	73	153	-2.2684343172977037
510	71	151	-2.261668843571215
511	71	153	-2.267383330966993
512	67	151	-2.2595904061176952
513	67	153	-2.2653048896420955
514	51	151	-2.2512374288752426
515	51	153	-2.2569519123996997
516	49	151	-2.250198946834473
517	49	153	-2.2559134303589303
518	44	151	-2.247591649439869
519	44	153	-2.253306132964326
520	38	151	-2.2444707642693515
521	38	153	-2.250185247793752
522	37	151	-2.243910726259571
523	37	153	-2.2496252097840284
524	36	151	-2.2433897232934896
525	36	153	-2.24910420681789
526	32	151	-5.718025350797575
527	32	153	-5.723739834321975
528	30	151	-2.240257558780911
529	30	153	-2.245972042305368
530	17	151	-2.233483225527891
531	17	153	-2.2391977090523483
532	12	151	-2.2309079539294885
533	12	153	-2.236622437453832
534	41	41	-1.6797138257837787
535	41	41	-5.156368873835788
536	15	41	-1.6661540069462717
537	15	41	-1.6661540065546774
538	24	41	-1.6708456714727618
539	24	41	-5.147349986448148
540	41	41	-1.6797138257837787
541	41	41	-5.156368873835788
542	41	41	-1.6797138257837787
543	41	41	-5.156368873835788
544	41	41	-1.6797138257837787
545	41	41	-5.156368873835788
546	41	41	-1.6797138257837787
547	41	41	-5.156368873835788
548	41	41	-1.6797138257837787
549	41	41	-5.156368873835788
550	41	41	-1.6797138257837787
551	41	41	-5.156368873835788
552	36	41	-1.6771069131736454
553	36	41	-5.153761961225598
554	41	41	-1.6797138257837787
555	41	41	-5.156368873835788
556	41	41	-1.6797138257837787
557	41	41	-5.156368873835788
558	22	41	-1.6697645268617975
559	22	41	-5.13196054144106
560	34	41	-1.6760636741690291
561	34	41	-5.152718722220925
562	41	41	-1.6797138257837787
563	41	41	-5.156368873835788
564	32	41	-1.674982255198131
565	32	41	-5.151637303248322
566	41	41	-1.6797138257837787
567	41	41	-5.156368873835788
568	41	41	-1.6797138257837787
569	41	41	-5.156368873835788
570	41	41	-1.6797138257837787
571	41	41	-5.156368873835788
572	14	41	-1.6656361963184736
573	14	41	-1.6656361963185304
574	41	41	-1.6797138257837787
575	41	41	-5.156368873835788
576	41	41	-1.6797138257837787
577	41	41	-5.156368873835788
578	41	41	-1.6797138257837787
579	41	41	-5.156368873835788
580	34	41	-1.6760636741690291
581	34	41	-5.152718722220925
582	41	41	-1.6797138257837787
583	41	41	-5.156368873835788
584	41	41	-1.6797138257837787
585	41	41	-5.156368873835788
586	41	41	-1.6797138257837787
587	41	41	-5.156368873835788
588	32	41	-1.6750562635492088
589	32	41	-5.151711311599968
590	30	41	-1.6740173735453823
591	30	41	-5.150672421580737
592	28	41	-1.672974646581622
593	28	41	-5.149629668904254
594	28	41	-1.672974646581622
595	28	41	-5.149629668904254
596	25	41	-1.6714066002080585
597	25	41	-5.148061547859982
598	22	41	-1.6698467540113597
599	22	41	-4.958913314453696
600	14	41	-1.6656757011961076
601	14	41	-1.6656757011961076
602	12	41	-1.6645937482998079
603	12	41	-1.6645937482241493
604	41	41	-1.679752179007039
605	41	41	-5.156438694822441
606	41	41	-1.679752179007039
607	41	41	-5.156438694822441
608	41	41	-1.679752179007039
609	41	41	-5.156438694822441
610	41	41	-1.679752179007039
611	41	41	-5.156438694822441
612	41	41	-1.679752179007039
613	41	41	-5.156438694822441
614	41	41	-1.679752179007039
615	41	41	-5.156438694822441
616	41	41	-5.156438694822441
617	41	41	-1.6797521790061865
618	41	41	-5.156438694822441
619	41	41	-1.6797521790061865
620	25	41	-5.14800060713435
621	25	41	-1.6713286633730604
622	41	41	-5.156438694822441
623	41	41	-1.6797521790061865
624	41	41	-5.156438694822441
625	41	41	-1.6797521790061865
626	41	41	-5.156438694822441
627	41	41	-1.6797521790061865
628	41	41	-5.156438694822441
629	41	41	-1.6797521790061865
630	41	41	-8.633114851961864
631	41	41	-5.156428336145609
632	41	41	-5.156438694822441
633	41	41	-1.6797521790061865
634	41	41	-8.632797660519032
635	41	41	-5.156428235423675
636	41	41	-5.156438694822441
637	41	41	-1.6797521790061865
638	41	41	-5.156438694822441
639	41	41	-1.6797521790061865
640	41	41	-1.679752179007039
641	41	41	-5.156438694822441
642	41	41	-1.679752179007039
643	41	41	-5.156438694822441
644	41	41	-1.679752179007039
645	41	41	-5.156438694822441
646	41	41	-1.679752179007039
647	41	41	-5.156438694822441
648	41	41	-1.679752179007039
649	41	41	-5.156438694822441
650	41	41	-1.679752179007039
651	41	41	-5.156438694822441
652	32	41	-5.151747018460014
653	32	41	-1.6750605026573453
654	41	41	-5.156438694822441
655	41	41	-1.6797521790061865
656	41	41	-5.156438694822441
657	41	41	-1.6797521790061865
658	41	41	-5.156438694822441
659	41	41	-1.6797521790061865
660	10	41	-1.663586208822096
661	10	41	-1.6635862088251656
662	41	41	-5.156438694822441
663	41	41	-1.6797521790061865
664	41	41	-12.10945678373048
665	41	41	-8.633093632592818
666	39	41	-1.6787090008250516
667	39	41	-5.15539551664051
668	33	41	-5.152263664475242
669	33	41	-1.6755771486589879
670	20	41	-1.668803097443572
671	20	41	-1.6688030961008735
672	41	41	-1.6797490066205683
673	41	41	-5.15642506712436
674	41	41	-5.15642494893018
675	41	41	-8.633101009430789
676	41	41	-1.6797490066205683
677	41	41	-5.15642506712436
678	10	41	-1.6635467761361156
679	10	41	-1.6635467761367977
680	41	41	-1.6797490066205683
681	41	41	-5.15642506712436
682	41	41	-1.6797490066205683
683	41	41	-5.15642506712436
684	41	41	-1.6797490066205683
685	41	41	-5.15642506712436
686	41	41	-1.6797490066205683
687	41	41	-5.15642506712436
688	41	41	-5.15642506712436
689	41	41	-1.6797490137404338
690	41	41	-5.15642506712436
691	41	41	-1.6797490137404338
692	41	41	-5.15642506712436
693	41	41	-1.6797490137404338
694	41	41	-5.15642506712436
695	41	41	-1.6797490137404338
696	41	41	-5.15642506712436
697	41	41	-1.6797490137404338
698	37	41	-5.1543355990844475
699	37	41	-1.6776595457004646
700	41	41	-5.15642506712436
701	41	41	-1.6797490137404338
702	41	41	-1.6797490066205683
703	41	41	-5.15642506712436
704	39	41	-1.6786984452902516
705	39	41	-5.155374505794043
706	41	41	-5.15642506712436
707	41	41	-1.6797490137404338
708	41	41	-1.6797490066205683
709	41	41	-5.15642506712436
710	41	41	-1.6797490066205683
711	41	41	-5.15642506712436
712	41	41	-5.15642506712436
713	41	41	-1.6797490137404338
714	41	41	-5.15642506712436
715	41	41	-1.6797490137404338
716	41	41	-5.15642506712436
717	41	41	-1.6797490137404338
718	41	41	-5.15642506712436
719	41	41	-1.6797490137404338
720	41	41	-5.15642506712436
721	41	41	-1.6797490137404338
722	41	41	-5.15642506712436
723	41	41	-1.6797490137404338
724	41	41	-5.15642506712436
725	41	41	-1.6797490137404338
726	38	41	-5.154853042598006
727	38	41	-1.6781769892140233
728	35	41	-1.676615621909093
729	35	41	-5.153291682412885
730	26	41	-1.671810985080242
731	26	41	-5.148475196530228
732	20	41	-1.6687992861828889
733	20	41	-1.6687992878432851
734	15	41	-1.6661540858323178
735	15	41	-1.6661540854410646
736	11	41	-1.664103370638088
737	11	41	-1.664103370638145
738	41	41	-1.6799513368997623
739	41	41	-5.156595137281613
740	41	41	-5.1566037670853575
741	41	41	-8.633247567467208
742	24	41	-1.6709794113667158
743	24	41	-5.147422509449143
744	18	41	-1.6676916917468247
745	18	41	-1.6676916917468247
746	41	41	-5.156592019814866
747	41	41	-8.633235820196717
748	41	41	-1.6799513368997623
749	41	41	-5.156595137281613
750	31	41	-1.6743627859650019
751	31	41	-5.151006586330595
752	22	41	-1.6698932751890538
753	22	41	-5.021528240620171
754	41	41	-1.6799513368997623
755	41	41	-5.156595137281613
756	35	41	-1.6768265154101982
757	35	41	-5.153470315792049
758	41	41	-1.6799513368997623
759	41	41	-5.156595137281613
760	41	41	-1.6799513368997623
761	41	41	-5.156595137281613
762	23	41	-1.6704180817222891
763	23	41	-5.022117370414094
764	41	41	-1.6799513368997623
765	41	41	-5.156595137281613
766	41	41	-1.6799513368997623
767	41	41	-5.156595137281613
768	41	41	-1.6799513368997623
769	41	41	-5.156595137281613
770	41	41	-1.6799513368997623
771	41	41	-5.156595137281613
772	41	41	-1.6799513368997623
773	41	41	-5.156595137281613
774	41	41	-1.6799513368997623
775	41	41	-5.156595137281613
776	41	41	-1.6799513368997623
777	41	41	-5.156595137281613
778	41	41	-1.6799513368997623
779	41	41	-5.156595137281613
780	38	41	-1.6783519588639706
781	38	41	-5.154995759245821
782	41	41	-1.6799513368997623
783	41	41	-5.156595137281613
784	21	41	-1.669415274075675
785	21	41	-5.09349877039017
786	41	41	-1.6799513368997623
787	41	41	-5.156595137281613
788	41	41	-1.6799513368997623
789	41	41	-5.156595137281613
790	32	41	-1.6752119555616218
791	32	41	-5.151855755938129
792	29	41	-1.6736415448341404
793	29	41	-5.150285332128192
794	24	41	-1.6709545685270655
795	24	41	-5.147547708289437
796	17	41	-1.6673394669657
797	17	41	-1.6673394669670074
798	17	41	-1.6673394669657
799	17	41	-1.6673394669670074
800	12	41	-1.6644178554625455
801	12	41	-1.6644178554630003
802	11	41	-1.6639817392480154
803	11	41	-1.6639817392617715
804	10	41	-1.6635424950344486
805	10	41	-1.6635424951849132
806	10	41	-1.6635424950344486
807	10	41	-1.6635424951849132
808	22	151	-2.236039790012569
809	22	154	-2.2445835635558637
810	61	151	-2.2564235091106184
811	61	154	-2.264967282653913
812	42	151	-2.2463418244612967
813	42	154	-2.2548855980045914
814	36	151	-2.243334687179754
815	36	154	-2.2518784607230486
816	119	151	-2.2866638316025956
817	119	154	-8.34057190294925
818	44	151	-2.2474400635121583
819	44	154	-2.255983837055453
820	146	151	-2.30076870875223
821	146	154	-8.354676780098885
822	80	151	-2.2663656837504504
823	80	154	-8.266518018272507
824	92	151	-8.316387043309192
825	92	154	-2.2811306642808518
826	129	151	-8.335716512511851
827	129	154	-2.3004601334392305
828	128	151	-8.335191612968288
829	128	154	-2.299935233895667
830	82	151	-8.310583738632317
831	82	154	-2.2759170014616643
832	107	151	-11.800922445440051
833	107	154	-5.765666066378401
834	150	151	-8.346662307577617
835	150	154	-2.311405928504996
836	145	151	-2.300251322002282
837	145	154	-8.354159393348937
838	124	151	-2.289310197470627
839	124	154	-8.343218268817282
840	84	151	-2.268415949277994
841	84	154	-8.322318049620549
842	136	151	-11.816045513579581
843	136	154	-5.780789134506961
844	20	151	-2.234996978713923
845	20	154	-2.2435407522572177
846	96	151	-2.2746720777589076
847	96	154	-8.328580149105562
848	99	151	-2.276274941486065
849	99	154	-8.33018301283272
850	114	151	-2.2840573712333594
851	114	154	-8.337965442580014
852	85	151	-8.312772181249557
853	85	154	-2.27751636323228
854	95	151	-8.317989981373387
855	95	154	-2.282733602300766
856	14	151	-2.2317514186566427
857	14	154	-2.2402951921999374
858	77	151	-5.68890135367451
859	77	154	-2.2733492453944564
860	110	151	-8.325771594678201
861	110	154	-2.2905152156056374
862	79	151	-8.215440546463867
863	79	154	-2.274352836020114
864	147	151	-11.821749372479303
865	147	154	-5.78649299340907
866	146	151	-8.344580681988646
867	146	154	-2.309324302916025
868	131	151	-5.769620260638931
869	131	154	-11.823528331985585
870	126	151	-2.29023536435011
871	126	154	-8.344143435696765
872	116	151	-8.328933946943437
873	116	154	-2.293677567870816
874	113	151	-8.327085551896062
875	113	154	-2.291829172823441
876	92	151	-8.316289457454445
877	92	154	-2.2810330783818813
878	84	151	-5.744991372850507
879	84	154	-11.798893478537366
880	80	151	-8.227243556069027
881	80	154	-2.274784388783644
882	67	151	-2.2594623011464137
883	67	154	-2.2680060746897084
884	64	151	-2.2578980598108274
885	64	154	-2.266441833354122
886	60	151	-2.2558517473829625
887	60	154	-2.264395520926257
888	59	151	-5.730556554755481
889	59	154	-5.739100328298775
890	56	151	-2.2537271237727055
891	56	154	-2.262270897316
892	55	151	-2.2532061492144067
893	55	154	-2.2617499227577014
894	51	151	-2.2511559048806475
895	51	154	-2.2596996784239423
896	43	151	-2.2469884031816036
897	43	154	-2.2555321767248984
898	35	151	-2.242817767341819
899	35	154	-2.2513615408851138
900	25	151	-2.237600037378968
901	25	154	-2.2461438109222627
902	19	151	-2.2344678977047465
903	19	154	-2.2430116712480412
904	18	151	-2.233954224985041
905	18	154	-2.2424979985283358
906	17	41	-1.6671912285493704
907	17	41	-1.6671913068504978
908	41	41	-1.679666396474829
909	41	41	-5.156236649209632
910	41	41	-1.679666396474829
911	41	41	-5.156236649209632
912	41	41	-1.679666396474829
913	41	41	-5.156236649209632
914	41	41	-1.679666396474829
915	41	41	-5.156236649209632
916	14	41	-1.6656674766539368
917	14	41	-1.6656674766539368
918	41	41	-1.679666396474829
919	41	41	-5.156236649209632
920	41	41	-1.679666396474829
921	41	41	-5.156236649209632
922	41	41	-8.580590881638159
923	41	41	-5.10405227294325
924	41	41	-5.156294958502031
925	41	41	-1.6797563498071781
926	41	41	-5.156294958502031
927	41	41	-1.6797563498071781
928	41	41	-5.156294958502031
929	41	41	-1.6797563498071781
930	41	41	-5.156294958502031
931	41	41	-1.6797563498071781
932	37	41	-5.154174286876469
933	37	41	-1.6776356781815593
934	41	41	-5.156294958502031
935	41	41	-1.6797563498071781
936	22	41	-4.874645055121277
937	22	41	-1.669717310354656
938	16	41	-1.6666738956739096
939	16	41	-1.66667389958576
940	38	41	-1.67810225814992
941	38	41	-5.154672510884723
942	41	41	-1.679666396474829
943	41	41	-5.156236649209632
944	41	41	-1.679666396474829
945	41	41	-5.156236649209632
946	12	41	-1.664609013523659
947	12	41	-1.664609013523659
948	41	41	-1.679666396474829
949	41	41	-5.156236649209632
950	20	41	-1.6686811889642286
951	20	41	-1.66875934337952
952	20	41	-1.6686811889642286
953	20	41	-1.66875934337952
954	41	41	-1.679666396474829
955	41	41	-5.156236649209632
956	41	41	-1.679666396474829
957	41	41	-5.156236649209632
958	41	41	-1.679666396474829
959	41	41	-5.156236649209632
960	41	41	-5.156294958502031
961	41	41	-1.6797563498071781
962	41	41	-5.156294958502031
963	41	41	-1.6797563498071781
964	41	41	-5.156294958502031
965	41	41	-1.6797563498071781
966	41	41	-5.156294958502031
967	41	41	-1.6797563498071781
968	39	41	-1.678584876031607
969	39	41	-5.1551551287664665
970	35	41	-1.6765227584830882
971	35	41	-5.153093011217891
972	31	41	-5.151077533590296
973	31	41	-1.6745389248990818
974	26	41	-1.6718096068137243
975	26	41	-5.148379382885196
976	26	41	-5.148295720405656
977	26	41	-1.671899604296243
978	21	41	-4.8401883280708375
979	21	41	-1.6691400351562038
980	20	41	-1.66863955701956
981	20	41	-1.6685223348526392
982	16	41	-1.6666358691736036
983	16	41	-1.6666358766072449
984	95	151	-2.274056549047316
985	95	153	-7.325151321291344
986	35	151	-2.242770779847376
987	35	153	-2.2484852633717765
988	141	151	-2.298044581562806
989	141	153	-7.349139353806777
990	114	151	-2.2839673367662385
991	114	153	-7.335062109010266
992	61	151	-2.2562171211044415
993	61	153	-2.2619316046288986
994	146	151	-2.3006475900699
995	146	153	-7.351742362313928
996	102	151	-5.754376179967096
997	102	153	-10.805470952211124
998	104	151	-2.278753655841399
999	104	153	-7.329848428085427
1000	30	151	-2.2400540342019326
1001	30	153	-2.245768517726333
1002	143	151	-2.2990482325434414
1003	143	153	-7.350143004787469
1004	100	151	-2.276667745934674
1005	100	153	-7.327762518178702
1006	59	151	-2.2552837824104586
1007	59	153	-2.260998265934859
1008	104	151	-2.278753655841399
1009	104	153	-7.329848428085427
1010	126	151	-5.766899491984418
1011	126	153	-10.817994264228446
1012	58	151	-2.254766362729697
1013	58	153	-2.260480846254154
1014	33	151	-2.241731483075455
1015	33	153	-2.247445966599912
1016	144	151	-2.299604823940456
1017	144	153	-7.350699596184427
1018	15	151	-2.2323428405352956
1019	15	153	-2.238057324059696
1020	51	151	-2.2511206239788635
1021	51	153	-2.2568351075033206
1022	139	151	-2.296962622562262
1023	139	153	-7.34805739480629
1024	54	151	-2.2526021712369584
1025	54	153	-2.2583166547614155
1026	53	151	-2.2520460646410925
1027	53	153	-2.2577605481655496
1028	74	151	-2.2629945665399873
1029	74	153	-2.2687094376383925
1030	24	151	-2.237004317956462
1031	24	153	-2.242718801480862
1032	68	151	-2.25998205609028
1033	68	153	-2.2656965396146234
1034	135	151	-2.2948767462763158
1035	135	153	-7.345971518520344
1036	108	151	-2.2808387583356193
1037	108	153	-7.331933530579647
1038	102	151	-2.277710774394791
1039	102	153	-7.328805546638819
1040	147	151	-2.301165053136401
1041	147	153	-7.352259825380429
1042	134	151	-2.294355069095616
1043	134	153	-7.345449841339587
1044	122	151	-2.288020759623123
1045	122	153	-7.339115531867094
1046	121	151	-2.287570168240393
1047	121	153	-7.338664940484364
1048	112	151	-2.2828851217569763
1049	112	153	-7.333979894000947
1050	99	151	-2.2760294276437207
1051	99	153	-7.327124199887692
1052	98	151	-2.275582004160867
1053	98	153	-7.326676776404895
1054	96	151	-2.274574803242558
1055	96	153	-7.325669575486586
1056	96	151	-5.751208614187874
1057	96	153	-10.802303386431845
1058	94	151	-5.750208221694663
1059	94	153	-10.801302993938634
1060	90	151	-2.271411389755201
1061	90	153	-7.322506161994795
1062	79	151	-2.2656365880977205
1063	79	153	-7.312354406785346
1064	74	151	-2.2630692774742442
1065	74	153	-2.268787634582452
1066	65	151	-2.2584199350807808
1067	65	153	-2.264134418605181
1068	58	151	-2.254769130823263
1069	58	153	-2.26048361434772
1070	57	151	-2.254240312286811
1071	57	153	-2.259954795811268
1072	54	151	-2.25268084051055
1073	54	153	-2.258395324035007
1074	50	151	-2.2505991941675347
1075	50	153	-2.256313677691992
1076	43	151	-2.2469448566237133
1077	43	153	-2.2526593401481705
1078	40	151	-2.245345555198071
1079	40	153	-2.2510600387224713
1080	32	151	-2.241171438554204
1081	32	153	-2.2468859220786612
1082	31	151	-2.2406931048644196
1083	31	153	-2.24640758838882
1084	18	151	-2.233875906543915
1085	18	153	-2.239590390068315
1086	11	151	-2.230265500369626
1087	11	153	-2.2359799838931735
1088	41	41	-5.156389550347853
1089	41	41	-1.6797134062368855
1090	17	41	-1.6672359110122557
1091	17	41	-1.6672359461851443
1092	28	41	-1.6729750065532016
1093	28	41	-5.14965102460917
1094	22	41	-1.6698075691085137
1095	22	41	-5.132180838514216
1096	41	41	-1.6797133991828446
1097	41	41	-5.156389550347853
1098	19	41	-1.6681653217381154
1099	19	41	-1.668165321737149
1100	41	41	-8.51619449567147
1101	41	41	-5.039518351560503
1102	41	41	-1.6797133991828446
1103	41	41	-5.156389550347853
1104	41	41	-1.6797133991828446
1105	41	41	-5.156389550347853
1106	30	41	-5.150650850937893
1107	30	41	-1.673974707108357
1108	41	41	-5.156389550347853
1109	41	41	-1.6797134062368855
1110	41	41	-5.156389550347853
1111	41	41	-1.6797134062368855
1112	18	41	-1.6677182159819495
1113	18	41	-1.6677182159947392
1114	41	41	-5.156389550347853
1115	41	41	-1.6797134062368855
1116	41	41	-5.156389550347853
1117	41	41	-1.6797134062368855
1118	41	41	-5.156389550347853
1119	41	41	-1.6797134062368855
1120	41	41	-5.156389550347853
1121	41	41	-1.6797134062368855
1122	41	41	-5.156389550347853
1123	41	41	-1.6797134062368855
1124	41	41	-1.6797133991828446
1125	41	41	-5.156389550347853
1126	17	41	-1.6672359110122557
1127	17	41	-1.6672359461851443
1128	36	41	-1.6771065169004373
1129	36	41	-5.153782668065446
1130	41	41	-1.6797133991828446
1131	41	41	-5.156389550347853
1132	41	41	-5.156389550347853
1133	41	41	-1.6797134062368855
1134	19	41	-1.6681653217381154
1135	19	41	-1.668165321737149
1136	41	41	-1.6797133991828446
1137	41	41	-5.156389550347853
1138	41	41	-1.6797133991828446
1139	41	41	-5.156389550347853
1140	17	41	-1.6672359110122557
1141	17	41	-1.6672359461851443
1142	41	41	-1.6797133991828446
1143	41	41	-5.156389550347853
1144	41	41	-1.6797133991828446
1145	41	41	-5.156389550347853
1146	26	41	-1.6719243335718375
1147	26	41	-5.148597599909351
1148	41	41	-5.156389550347853
1149	41	41	-1.6797134062368855
1150	41	41	-5.156389550347853
1151	41	41	-1.6797134062368855
1152	41	41	-5.156389550347853
1153	41	41	-1.6797134062368855
1154	41	41	-8.51709467155257
1155	41	41	-5.040418527441602
1156	41	41	-5.156389550347853
1157	41	41	-1.6797134062368855
1158	39	41	-5.155386259987267
1159	39	41	-1.6787101158762994
1160	10	41	-1.6635467328953837
1161	10	41	-1.663546733289195
1162	41	41	-5.156389550347853
1163	41	41	-1.6797134062368855
1164	41	41	-5.156389550347853
1165	41	41	-1.6797134062368855
1166	31	41	-5.151058013925876
1167	31	41	-1.6743818699605981
1168	27	41	-1.6724101830502605
1169	27	41	-5.149086208124061
1170	14	41	-1.6656361942812055
1171	14	41	-1.6656361942418698
1172	41	41	-1.6797529201706993
1173	41	41	-5.15641790682173
1174	41	41	-5.15641790682173
1175	41	41	-1.6797529410353036
1176	30	41	-1.674017778348741
1177	30	41	-5.150682764825774
1178	41	41	-1.6797529201706993
1179	41	41	-5.15641790682173
1180	41	41	-5.15641790682173
1181	41	41	-1.6797529410353036
1182	41	41	-5.15641790682173
1183	41	41	-1.6797529410353036
1184	41	41	-5.15641790682173
1185	41	41	-1.6797529410353036
1186	41	41	-5.15641790682173
1187	41	41	-1.6797529410353036
1188	41	41	-8.633104201685228
1189	41	41	-5.156439235898802
1190	41	41	-5.15641790682173
1191	41	41	-1.6797529410353036
1192	41	41	-5.15641790682173
1193	41	41	-1.6797529410353036
1194	41	41	-1.6797529201706993
1195	41	41	-5.15641790682173
1196	41	41	-1.6797529201706993
1197	41	41	-5.15641790682173
1198	41	41	-1.6797529201706993
1199	41	41	-5.15641790682173
1200	41	41	-1.6797529201706993
1201	41	41	-5.15641790682173
1202	41	41	-5.15641790682173
1203	41	41	-1.6797529410353036
1204	41	41	-1.6797529201706993
1205	41	41	-5.15641790682173
1206	41	41	-1.6797529201706993
1207	41	41	-5.15641790682173
1208	41	41	-1.6797529201706993
1209	41	41	-5.15641790682173
1210	41	41	-1.6797529201706993
1211	41	41	-5.15641790682173
1212	12	41	-1.6646314341187463
1213	12	41	-1.6646314341186894
1214	41	41	-1.6797529201706993
1215	41	41	-5.15641790682173
1216	34	41	-1.6760989344052177
1217	34	41	-5.152763921056078
1218	41	41	-5.15641790682173
1219	41	41	-1.6797529410353036
1220	41	41	-5.15641790682173
1221	41	41	-1.6797529410353036
1222	41	41	-5.15641790682173
1223	41	41	-1.6797529410353036
1224	36	41	-5.153810641786549
1225	36	41	-1.6771456760001229
1226	39	41	-1.6787101458849065
1227	39	41	-5.155375132535994
1228	37	41	-5.1543319823035745
1229	37	41	-1.6776670165171481
1230	35	41	-1.6766234537759601
1231	35	41	-5.153288440427048
1232	33	41	-1.6755814791450803
1233	33	41	-5.152246465795997
1234	29	41	-1.673496351201095
1235	29	41	-5.150161216957827
1236	27	41	-1.672453152842877
1237	27	41	-5.149118137733012
1238	15	41	-1.6661501718234604
1239	15	41	-1.6661501718234604
1240	10	41	-1.6635432738227678
1241	10	41	-1.6635432738171403
1242	41	41	-1.6797521141927518
1243	41	41	-5.156385725776033
1244	41	41	-1.6797521141927518
1245	41	41	-5.156385725776033
1246	41	41	-1.6797521141927518
1247	41	41	-5.156385725776033
1248	13	41	-1.665067271298085
1249	13	41	-1.665067271298085
1250	41	41	-1.6797521141927518
1251	41	41	-5.156385725776033
1252	41	41	-1.6797521141927518
1253	41	41	-5.156385725776033
1254	41	41	-1.6797521141927518
1255	41	41	-5.156385725776033
1256	41	41	-1.6797521141927518
1257	41	41	-5.156385725776033
1258	41	41	-1.6797521141927518
1259	41	41	-5.156385725776033
1260	41	41	-1.6797521141927518
1261	41	41	-5.156385725776033
1262	41	41	-1.6797521141927518
1263	41	41	-5.156385725776033
1264	30	41	-1.6740176876427881
1265	30	41	-5.150651298941341
1266	41	41	-1.6797521141927518
1267	41	41	-5.156385725776033
1268	41	41	-1.6797521141927518
1269	41	41	-5.156385725776033
1270	41	41	-1.6797521141927518
1271	41	41	-5.156385725776033
1272	41	41	-1.6797521141927518
1273	41	41	-5.156385725776033
1274	14	41	-1.665675634532306
1275	14	41	-1.6656756344929704
1276	41	41	-1.6797521141927518
1277	41	41	-5.156385725776033
1278	41	41	-1.6797521141927518
1279	41	41	-5.156385725776033
1280	41	41	-1.6797521141927518
1281	41	41	-5.156385725776033
1282	41	41	-1.6797521141927518
1283	41	41	-5.156385725776033
1284	41	41	-1.6797521141927518
1285	41	41	-5.156385725776033
1286	41	41	-1.6797521141927518
1287	41	41	-5.156385725776033
1288	41	41	-1.6797521141927518
1289	41	41	-5.156385725776033
1290	22	41	-1.6698388414200167
1291	22	41	-4.874505875907801
1292	41	41	-1.6797521141927518
1293	41	41	-5.156385725776033
1294	41	41	-1.6797521141927518
1295	41	41	-5.156385725776033
1296	41	41	-1.6797521141927518
1297	41	41	-5.156385725776033
1298	41	41	-1.6797521141927518
1299	41	41	-5.156385725776033
1300	41	41	-1.6797521141927518
1301	41	41	-5.156385725776033
1302	41	41	-1.6797521141927518
1303	41	41	-5.156385725776033
1304	41	41	-1.6797521141927518
1305	41	41	-5.156385725776033
1306	35	41	-1.6766234439816685
1307	35	41	-5.15325705556495
1308	34	41	-1.6760582358583633
1309	34	41	-5.152691847441702
1310	31	41	-1.6744560069470822
1311	31	41	-5.151089618528658
1312	31	41	-1.6744560069470822
1313	31	41	-5.151089618528658
1314	16	41	-1.6667172390583573
1315	16	41	-1.6667172429677635
1316	15	41	-1.6661923755602288
1317	15	41	-1.6661923755602288
1318	41	41	-1.6797138289941245
1319	41	41	-5.156390001403622
1320	41	41	-1.6797138289941245
1321	41	41	-5.156390001403622
1322	21	41	-5.093300357851092
1323	21	41	-1.6693253183097454
1324	41	41	-5.156390001403622
1325	41	41	-1.6797138360432768
1326	41	41	-5.156390001403622
1327	41	41	-1.6797138360432768
1328	20	41	-1.6687649317079263
1329	20	41	-1.6688040172365959
1330	41	41	-5.156390001403622
1331	41	41	-1.6797138360432768
1332	41	41	-1.6797138289941245
1333	41	41	-5.156390001403622
1334	39	41	-5.155382047783689
1335	39	41	-1.678705882423344
1336	41	41	-1.6797138289941245
1337	41	41	-5.156390001403622
1338	41	41	-5.156388493142003
1339	41	41	-8.633064665551501
1340	41	41	-5.156390001403622
1341	41	41	-1.6797138360432768
1342	41	41	-5.156390001403622
1343	41	41	-1.6797138360432768
1344	41	41	-5.156390001403622
1345	41	41	-1.6797138360432768
1346	41	41	-5.156390001403622
1347	41	41	-1.6797138360432768
1348	41	41	-5.156390001403622
1349	41	41	-1.6797138360432768
1350	41	41	-5.156390001403622
1351	41	41	-1.6797138360432768
1352	38	41	-5.154786762700269
1353	38	41	-1.6781105973399235
1354	36	41	-1.6770677793585378
1355	36	41	-5.1537439517680355
1356	32	41	-5.15165843693751
1357	32	41	-1.6749822715773348
1358	26	41	-5.148560266814002
1359	26	41	-1.6718853226637407
1360	23	41	-1.6703289160553823
1361	23	41	-5.146882946583219
1362	21	41	-5.145295477916932
1363	21	41	-1.6692860586123857
1364	20	41	-1.668760838545893
1365	20	41	-1.6687608385198018
1366	13	41	-1.6651150647555255
1367	13	41	-1.6651150647476811
1368	15	151	-2.232287718674854
1369	15	154	-2.240831492218149
1370	37	151	-5.720517508589808
1371	37	154	-5.729061282133102
1372	99	151	-2.276387656627435
1373	99	154	-8.328622580785463
1374	13	151	-5.707680522751218
1375	13	154	-5.716224296294513
1376	76	151	-2.2643528812979525
1377	76	154	-2.2729228529977945
1378	60	151	-2.2559644237567795
1379	60	154	-2.2645081973000742
1380	127	151	-2.290971070091814
1381	127	154	-8.343205994249786
1382	135	151	-2.2950235866520075
1383	135	154	-8.347258510810036
1384	66	151	-2.2590849054157616
1385	66	154	-2.2676286789590563
1386	142	151	-2.298942180229858
1387	142	154	-8.351177104387887
1388	41	151	-2.245941048883253
1389	41	154	-2.254484822426548
1390	22	151	-2.2361521801524304
1391	22	154	-2.244695953695725
1392	49	151	-2.2501854720522374
1393	49	154	-2.258729245595532
1394	73	151	-2.26254247281355
1395	73	154	-2.271086320774373
1396	114	151	-8.32636581706123
1397	114	154	-2.2926792334347397
1398	128	151	-8.33371163627379
1399	128	154	-2.3000250526472996
1400	148	151	-2.3020310181056516
1401	148	154	-8.35426594226368
1402	141	151	-2.2984199796250664
1403	141	154	-8.350654903783095
1404	17	151	-2.2335060692377624
1405	17	154	-2.242049842781057
1406	58	151	-2.2548044435003476
1407	58	154	-2.2633482170436423
1408	29	151	-2.2397974680285984
1409	29	154	-2.2483412415718362
1410	69	151	-2.2606525556135466
1411	69	154	-2.269196329160309
1412	147	151	-8.343709217391961
1413	147	154	-2.3100226337654703
1414	144	151	-8.34190543849644
1415	144	154	-2.308218854869949
1416	136	151	-2.295623318398839
1417	136	154	-8.347858242556867
1418	133	151	-8.336306187110608
1419	133	154	-2.3026196034841178
1420	128	151	-2.2913741272947163
1421	128	154	-8.343609051452688
1422	121	151	-8.330010565047928
1423	121	154	-2.2963239814214376
1424	116	151	-8.327438883315779
1425	116	154	-2.293752299689288
1426	106	151	-2.279977770786047
1427	106	154	-8.332212694944076
1428	103	151	-2.2784096872028954
1429	103	154	-8.330644611360867
1430	99	151	-2.2763320138384415
1431	99	154	-8.32856693799647
1432	95	151	-2.274203771005034
1433	95	154	-8.326438695163063
1434	97	151	-8.317419357102665
1435	97	154	-2.2837327734761743
1436	80	151	-2.266175515970417
1437	80	154	-8.268172068550882
1438	71	151	-2.261682640026379
1439	71	154	-2.2702264135697874
1440	65	151	-2.2585546352488564
1441	65	154	-2.267098408792151
1442	54	151	-2.2527762278463683
1443	54	154	-2.261320001389663
1444	53	151	-2.2522969893321374
1445	53	154	-2.260840762875432
1446	49	151	-2.2502123130597624
1447	49	154	-2.258756086603057
1448	49	151	-2.2502123130597624
1449	49	154	-2.258756086603057
1450	41	151	-2.245998583333062
1451	41	154	-2.2545423568763567
1452	35	151	-2.2428743141770155
1453	35	154	-2.2514180877203103
1454	35	151	-2.2428743141770155
1455	35	154	-2.2514180877203103
1456	33	151	-2.2418703170125696
1457	33	154	-2.2504140905558643
1458	30	151	-2.240305735954621
1459	30	154	-2.2488495094979157
1460	16	151	-2.2328723716001377
1461	16	154	-2.2414161451434325
1462	11	151	-2.2302651244634717
1463	11	154	-2.2388088980067664
1464	41	41	-5.156356770783702
1465	41	41	-1.6796702558082188
1466	41	41	-5.156356770783702
1467	41	41	-1.6796702558082188
1468	41	41	-5.156356770783702
1469	41	41	-1.6796702558082188
1470	41	41	-5.156356770783702
1471	41	41	-1.6796702558082188
1472	41	41	-5.156356770783702
1473	41	41	-1.6796702558082188
1474	22	41	-5.132227302907211
1475	22	41	-1.6698463671885406
1476	41	41	-5.156356770783702
1477	41	41	-1.6796702558082188
1478	34	41	-5.152672038053595
1479	34	41	-1.6759855230781682
1480	41	41	-5.156356770783702
1481	41	41	-1.6796702558082188
1482	41	41	-5.156356770783702
1483	41	41	-1.6796702558082188
1484	41	41	-5.156356770783702
1485	41	41	-1.6796702558082188
1486	41	41	-5.156356770783702
1487	41	41	-1.6796702558082188
1488	41	41	-5.156356770783702
1489	41	41	-1.6796702558082188
1490	41	41	-5.156356770783702
1491	41	41	-1.6796702558082188
1492	41	41	-5.156356770783702
1493	41	41	-1.6796702558082188
1494	41	41	-5.156356770783702
1495	41	41	-1.6796702558082188
1496	41	41	-5.156356770783702
1497	41	41	-1.6796702558082188
1498	14	41	-1.6656753420553514
1499	14	41	-1.6656753420553514
1500	41	41	-5.156356770783702
1501	41	41	-1.6796702558082188
1502	41	41	-5.156356770783702
1503	41	41	-1.6796702558082188
1504	37	41	-5.154271650767328
1505	37	41	-1.6775851357920146
1506	34	41	-5.152703555354776
1507	34	41	-1.6760170403795769
1508	30	41	-5.15058212390926
1509	30	41	-1.6738956102743714
1510	27	41	-5.148938756528935
1511	27	41	-1.6723700572608209
1512	20	41	-1.6687217014276143
1513	20	41	-1.6687217001230579
1514	17	41	-1.6670402265135067
1515	17	41	-1.667040265668959
1516	14	41	-1.6655934453013401
1517	14	41	-1.6655934453013401
1518	10	41	-1.6634687420919931
1519	10	41	-1.6634687420203704
1520	41	151	-2.245941277777092
1521	41	153	-2.2516557613015493
1522	49	151	-2.250065372579911
1523	49	153	-2.2557798561043114
1524	69	151	-2.260418616807385
1525	69	153	-2.2661331003321834
1526	42	151	-2.2464666159103786
1527	42	153	-2.252181099434779
1528	148	151	-7.345827592309206
1529	148	153	-2.307497824213499
1530	128	151	-7.33543531326103
1531	128	153	-2.297105545165323
1532	89	151	-7.3151054960677016
1533	89	153	-2.276775727978304
1534	85	151	-7.313019886732093
1535	85	153	-2.27469021976043
1536	113	151	-7.327618135267528
1537	113	153	-2.289288367171821
1538	134	151	-7.338524453751688
1539	134	153	-2.300194685655981
1540	70	151	-2.2608657178722638
1541	70	153	-2.2665802014005862
1542	137	151	-7.34013165177862
1543	137	153	-2.301801883682913
1544	150	151	-5.779540888999691
1545	150	153	-10.830342375659768
1546	34	151	-2.242256489719182
1547	34	153	-2.247970973243582
1548	129	151	-2.2918773040871088
1549	129	153	-7.342678790747129
1550	96	151	-2.2747108788822743
1551	96	153	-7.325512365542352
1552	32	151	-2.2412133738832836
1553	32	153	-2.2469278574077407
1554	69	151	-2.260418616807385
1555	69	153	-2.2661331003321834
1556	28	151	-2.239167333734997
1557	28	153	-2.2448818172594542
1558	41	151	-2.245941277777092
1559	41	153	-2.2516557613015493
1560	59	151	-2.2553299830150877
1561	59	153	-2.261044466539488
1562	97	151	-2.2751889142774075
1563	97	153	-7.325990400937485
1564	81	151	-5.743524781555607
1565	81	153	-10.793784406667214
1566	38	151	-2.2443419933057385
1567	38	153	-2.2500564768301956
1568	94	151	-2.273628626992547
1569	94	153	-7.324430113652625
1570	146	151	-7.3447809405109865
1571	146	153	-2.3064511724152794
1572	139	151	-7.341174388908939
1573	139	153	-2.3028446208132323
1574	135	151	-2.2950407408569617
1575	135	153	-7.345842227516982
1576	131	151	-7.3370033595467135
1577	131	153	-2.2986735914510064
1578	127	151	-7.334917827008212
1579	127	153	-2.296588058912505
1580	121	151	-5.764410722392199
1581	121	153	-10.81431345577522
1582	115	151	-7.328622288794122
1583	115	153	-2.290292520698415
1584	113	151	-2.2835352856542954
1585	113	153	-7.334336772314373
1586	111	151	-2.2825276537532773
1587	111	153	-7.333329140413355
1588	108	151	-7.325003100557183
1589	108	153	-2.2866733324614756
1590	106	151	-7.323961126291351
1591	106	153	-2.2856313581956442
1592	104	151	-7.3228866767508975
1593	104	153	-2.2845569086551905
1594	84	151	-2.2682608910790236
1595	84	153	-7.319062370821882
1596	82	151	-7.311271976321564
1597	82	153	-2.273032273054241
1598	75	151	-2.26367205757316
1599	75	153	-2.2693865798015054
1600	66	151	-5.735661840635032
1601	66	153	-5.741376324159432
1602	62	151	-2.256894142794465
1603	62	153	-2.2626086263188654
1604	61	151	-2.256368815192957
1605	61	153	-2.262083298717414
1606	59	151	-2.2553261305375827
1607	59	153	-2.261040614061983
1608	59	151	-5.732002084571036
1609	59	153	-5.737716568095436
1610	54	151	-2.2526836483939405
1611	54	153	-2.2583981319183977
1612	50	151	-2.2506298062714905
1613	50	153	-2.2563442897959476
1614	49	151	-2.2500732080620196
1615	49	153	-2.2557876915864767
1616	46	151	-2.2485520644325447
1617	46	153	-2.254266547957002
1618	44	151	-2.247470192306139
1619	44	153	-2.253184675830539
1620	29	151	-2.2396495837045904
1621	29	153	-2.2453640672290476
1622	29	151	-2.2396495837045904
1623	29	153	-2.2453640672290476
1624	26	151	-2.238120641059993
1625	26	153	-2.2438351245843933
1626	18	151	-2.2339492387137625
1627	18	153	-2.2396637222382196
1628	41	41	-1.6797138195371417
1629	41	41	-5.1564004390479
1630	15	41	-1.6661575578604015
1631	15	41	-1.6661575570784066
1632	41	41	-1.6797138195371417
1633	41	41	-5.1564004390479
1634	41	41	-1.6797138195371417
1635	41	41	-5.1564004390479
1636	22	41	-1.6698467162509587
1637	22	41	-5.132224843957886
1638	41	41	-1.6797138195371417
1639	41	41	-5.1564004390479
1640	41	41	-1.6797138195371417
1641	41	41	-5.1564004390479
1642	27	41	-5.149135540634006
1643	27	41	-1.672449186050585
1644	41	41	-5.1564004390479
1645	41	41	-1.6797138194657464
1646	41	41	-5.1564004390479
1647	41	41	-1.6797138194657464
1648	41	41	-5.1564004390479
1649	41	41	-1.6797138194657464
1650	41	41	-5.1564004390479
1651	41	41	-1.6797138194657464
1652	41	41	-1.6797138195371417
1653	41	41	-5.1564004390479
1654	41	41	-1.6797138195371417
1655	41	41	-5.1564004390479
1656	27	41	-1.6724492647513785
1657	27	41	-5.14890005900196
1658	14	41	-1.6656718201068657
1659	14	41	-1.6656718201068657
1660	41	41	-1.6797138195371417
1661	41	41	-5.1564004390479
1662	41	41	-1.6797138195371417
1663	41	41	-5.1564004390479
1664	41	41	-1.6797138195371417
1665	41	41	-5.1564004390479
1666	41	41	-1.6797138195371417
1667	41	41	-5.1564004390479
1668	41	41	-1.6797138195371417
1669	41	41	-5.1564004390479
1670	41	41	-1.6797138195371417
1671	41	41	-5.1564004390479
1672	41	41	-1.6797138195371417
1673	41	41	-5.1564004390479
1674	16	41	-1.6666746483107318
1675	16	41	-1.6666746443914917
1676	33	41	-5.1522289666955885
1677	33	41	-1.675542347113776
1678	41	41	-5.1564004390479
1679	41	41	-1.6797138194657464
1680	16	41	-1.6666746483107318
1681	16	41	-1.6666746443914917
1682	41	41	-5.1564004390479
1683	41	41	-1.6797138194657464
1684	41	41	-5.1564004390479
1685	41	41	-1.6797138194657464
1686	41	41	-5.1564004390479
1687	41	41	-1.6797138194657464
1688	41	41	-5.1564004390479
1689	41	41	-1.6797138194657464
1690	41	41	-5.1564004390479
1691	41	41	-1.6797138194657464
1692	41	41	-5.1564004390479
1693	41	41	-1.6797138194657464
1694	41	41	-5.1564004390479
1695	41	41	-1.6797138194657464
1696	30	41	-5.150661356375906
1697	30	41	-1.6739747368123403
1698	22	41	-1.6698072030248454
1699	22	41	-5.145157928707533
1700	21	41	-1.6692862560869344
1701	21	41	-5.145885855472102
1702	20	41	-1.6687647810930457
1703	20	41	-1.6687647810930457
1704	19	41	-1.6682039208525339
1705	19	41	-1.668203920802796
1706	14	41	-1.6656366063048154
1707	14	41	-1.6656366063440373
1708	10	41	-1.6635114961368345
1709	10	41	-1.6635114961365502
1710	41	41	-5.156421091497634
1711	41	41	-1.6797451321292556
1712	40	41	-5.155899690700608
1713	40	41	-1.679223731332229
1714	41	41	-5.156421091497634
1715	41	41	-1.6797451321292556
1716	41	41	-5.156421091497634
1717	41	41	-1.6797451321292556
1718	41	41	-5.156421091497634
1719	41	41	-1.6797451321292556
1720	41	41	-5.156421091497634
1721	41	41	-1.6797451321292556
1722	41	41	-5.156421091497634
1723	41	41	-1.6797451321292556
1724	41	41	-5.156421091497634
1725	41	41	-1.6797451321292556
1726	41	41	-5.156421091497634
1727	41	41	-1.6797451321292556
1728	34	41	-5.1527674226953195
1729	34	41	-1.6760914633270545
1730	41	41	-5.156421091497634
1731	41	41	-1.6797451321292556
1732	24	41	-5.147403959907763
1733	24	41	-1.6708773336720242
1734	41	41	-5.156421091497634
1735	41	41	-1.6797451321292556
1736	41	41	-5.156421091497634
1737	41	41	-1.6797451321292556
1738	41	41	-5.156421091497634
1739	41	41	-1.6797451321292556
1740	41	41	-5.156421091497634
1741	41	41	-1.6797451321292556
1742	41	41	-5.156421091497634
1743	41	41	-1.6797451321292556
1744	41	41	-5.156421091497634
1745	41	41	-1.6797451321292556
1746	26	41	-5.1485478372615034
1747	26	41	-1.6718852427288198
1748	41	41	-5.156421091497634
1749	41	41	-1.6797451321292556
1750	41	41	-5.156421091497634
1751	41	41	-1.6797451321292556
1752	38	41	-5.154817799233683
1753	38	41	-1.6781418398653045
1754	41	41	-5.156421091497634
1755	41	41	-1.6797451321292556
1756	41	41	-5.156421091497634
1757	41	41	-1.6797451321292556
1758	41	41	-5.156421091497634
1759	41	41	-1.6797451321292556
1760	19	41	-1.6682669599778137
1761	19	41	-1.6682747801904725
1762	41	41	-8.618805754713662
1763	41	41	-5.142129795345227
1764	41	41	-5.156421091497634
1765	41	41	-1.6797451321292556
1766	41	41	-8.57036538493827
1767	41	41	-5.093689425569835
1768	41	41	-5.156421091497634
1769	41	41	-1.6797451321292556
1770	41	41	-5.156421091497634
1771	41	41	-1.6797451321292556
1772	32	41	-5.151736101942731
1773	32	41	-1.675060142576399
1774	28	41	-5.1496428955383635
1775	28	41	-1.67296718337019
1776	27	41	-5.149086414887449
1777	27	41	-1.67241057524717
1778	19	41	-1.668278716330292
1779	19	41	-1.6682787161997226
1780	13	41	-1.6651537798018126
1781	13	41	-1.6651537798018126
1782	12	41	-1.664632480620071
1783	12	41	-1.6646324806205257
1784	39	41	-1.6787062667479518
1785	39	41	-5.155392880485067
1786	41	41	-1.6797490362966983
1787	41	41	-5.1564356500338135
1788	41	41	-5.1564356500338135
1789	41	41	-1.679749036368662
1790	41	41	-1.6797490362966983
1791	41	41	-5.1564356500338135
1792	40	41	-1.6792315617668123
1793	40	41	-5.155918175503928
1794	41	41	-5.1564356500338135
1795	41	41	-1.679749036368662
1796	19	41	-1.6682395976259272
1797	19	41	-1.6682395979173634
1798	41	41	-5.1564356500338135
1799	41	41	-1.679749036368662
1800	41	41	-1.6797490362966983
1801	41	41	-5.1564356500338135
1802	41	41	-5.1564356500338135
1803	41	41	-1.679749036368662
1804	41	41	-5.1564356500338135
1805	41	41	-1.679749036368662
1806	41	41	-5.1564356500338135
1807	41	41	-1.679749036368662
1808	23	41	-5.134030415509983
1809	23	41	-1.6703681041033747
1810	41	41	-1.6797490362966983
1811	41	41	-5.1564356500338135
1812	41	41	-1.6797490362966983
1813	41	41	-5.1564356500338135
1814	41	41	-1.6797490362966983
1815	41	41	-5.1564356500338135
1816	41	41	-5.1564356500338135
1817	41	41	-1.679749036368662
1818	41	41	-1.6797490362966983
1819	41	41	-5.1564356500338135
1820	24	41	-1.6708894386716224
1821	24	41	-5.147288907011216
1822	41	41	-1.6797490362966983
1823	41	41	-5.1564356500338135
1824	41	41	-5.1564356500338135
1825	41	41	-1.679749036368662
1826	41	41	-5.156413046199191
1827	41	41	-8.633099659936306
1828	41	41	-1.6797490362966983
1829	41	41	-5.1564356500338135
1830	41	41	-1.6797490362966983
1831	41	41	-5.1564356500338135
1832	41	41	-5.1564356500338135
1833	41	41	-1.679749036368662
1834	41	41	-5.1564356500338135
1835	41	41	-1.679749036368662
1836	41	41	-5.1564356500338135
1837	41	41	-1.679749036368662
1838	41	41	-5.1564356500338135
1839	41	41	-1.679749036368662
1840	35	41	-5.153295585140086
1841	35	41	-1.6766089714749342
1842	20	41	-1.6688000954508198
1843	20	41	-1.6688000967553762
1844	20	41	-1.6688000954508198
1845	20	41	-1.6688000967553762
1846	17	41	-1.667196824933228
1847	17	41	-1.6671967857992627
1848	17	41	-1.667196824933228
1849	17	41	-1.6671967857992627
1850	41	41	-5.156418363563148
1851	41	41	-1.6797528571917724
1852	41	41	-5.156418363563148
1853	41	41	-1.6797528571917724
1854	41	41	-5.156418363563148
1855	41	41	-1.6797528571917724
1856	41	41	-5.156418363563148
1857	41	41	-1.6797528571917724
1858	40	41	-5.155857850490179
1859	40	41	-1.6791923441188032
1860	41	41	-5.156418363563148
1861	41	41	-1.6797528571917724
1862	41	41	-5.156418363563148
1863	41	41	-1.6797528571917724
1864	41	41	-5.156418363563148
1865	41	41	-1.6797528571917724
1866	41	41	-5.156418363563148
1867	41	41	-1.6797528571917724
1868	41	41	-5.156418363563148
1869	41	41	-1.6797528571917724
1870	12	41	-1.6646324978299276
1871	12	41	-1.6646324978295297
1872	41	41	-1.6797528713577776
1873	41	41	-5.156418363563148
1874	41	41	-1.6797528713577776
1875	41	41	-5.156418363563148
1876	41	41	-1.6797528713577776
1877	41	41	-5.156418363563148
1878	41	41	-1.6797528713577776
1879	41	41	-5.156418363563148
1880	41	41	-1.6797528713577776
1881	41	41	-5.156418363563148
1882	41	41	-1.6797528713577776
1883	41	41	-5.156418363563148
1884	41	41	-5.156418363563148
1885	41	41	-1.6797528571917724
1886	41	41	-5.156418363563148
1887	41	41	-1.6797528571917724
1888	41	41	-5.156418363563148
1889	41	41	-1.6797528571917724
1890	41	41	-5.156418363563148
1891	41	41	-1.6797528571917724
1892	41	41	-8.633061627134566
1893	41	41	-5.1563961207631905
1894	29	41	-1.6734880033563968
1895	29	41	-5.150153494080087
1896	41	41	-1.6797528713577776
1897	41	41	-5.156418363563148
1898	41	41	-1.6797528713577776
1899	41	41	-5.156418363563148
1900	41	41	-1.6797528713577776
1901	41	41	-5.156418363563148
1902	27	41	-5.149117017085587
1903	27	41	-1.6724516470005142
1904	19	41	-1.6682781519990613
1905	19	41	-1.6682781521296874
1906	16	41	-1.6666003687107036
1907	16	41	-1.6666003687107036
1908	147	151	-8.043585568189314
1909	147	154	-2.3099767116936505
1910	72	151	-2.2621678395529443
1911	72	154	-2.270711613514436
1912	122	151	-8.03048356582292
1913	122	154	-2.2968747093272555
1914	38	151	-2.2444588546890714
1915	38	154	-2.253002628232366
1916	129	151	-8.034008177709381
1917	129	154	-2.3003993212137175
1918	141	151	-11.517132490742085
1919	141	154	-5.783523634246421
1920	92	151	-8.014841489545972
1921	92	154	-2.2812326330508768
1922	58	151	-2.2548690545082763
1923	58	154	-2.263412828051571
1924	43	151	-2.247012783629316
1925	43	154	-2.2555565571726106
1926	16	151	-2.2328841985132044
1927	16	154	-2.241427972056499
1928	144	151	-8.041982270057872
1929	144	154	-2.308373413562208
1930	41	151	-2.245970460551348
1931	41	154	-2.2545142340946427
1932	21	151	-2.2354323072061106
1933	21	154	-2.2439760807494054
1934	40	151	-2.2454798870214177
1935	40	154	-2.2540236605647124
1936	58	151	-2.2548690545082763
1937	58	154	-2.263412828051571
1938	109	151	-8.023705300295603
1939	109	154	-2.290096443799939
1940	13	151	-2.231339153852673
1941	13	154	-2.239882927395854
1942	116	151	-8.0273112208273
1943	116	154	-2.2937023643315797
1944	54	151	-2.2527483274459428
1945	54	154	-2.2612921009892375
1946	30	151	-2.2402068095760796
1947	30	154	-2.2487505831193744
1948	143	151	-8.041459425907647
1949	143	154	-2.3078505694119826
1950	49	151	-2.250176636769197
1951	49	154	-2.258720410312492
1952	13	151	-2.231339153852673
1953	13	154	-2.239882927395854
1954	139	151	-8.039413391187338
1955	139	154	-2.3058045346916174
1956	63	151	-2.257397595448424
1957	63	154	-2.2659413689917187
1958	50	151	-2.2507019403553272
1959	50	154	-2.259245713898622
1960	99	151	-8.018452916104309
1961	99	154	-2.284844059608588
1962	67	151	-2.259565262601882
1963	67	154	-2.2681090361451766
1964	85	151	-8.011145399710983
1965	85	154	-2.2775754350677744
1966	59	151	-2.2553860510212758
1967	59	154	-2.2639298245645705
1968	72	151	-2.2621678395529443
1969	72	154	-2.270711613514436
1970	24	151	-2.2370747529731148
1971	24	154	-2.2456185265164095
1972	122	151	-8.03048356582292
1973	122	154	-2.2968747093272555
1974	99	151	-8.018452916104309
1975	99	154	-2.284844059608588
1976	20	151	-2.2348758834164073
1977	20	154	-2.243419656959702
1978	95	151	-8.016367013370314
1979	95	154	-2.2827581568745927
1980	76	151	-2.264257741804556
1981	76	154	-2.272801515333981
1982	20	151	-2.2348758834164073
1983	20	154	-2.243419656959702
1984	150	151	-8.045110174258582
1985	150	154	-2.311501317762861
1986	149	151	-8.044593103150703
1987	149	154	-2.310984246655039
1988	147	151	-11.520236577907554
1989	147	154	-5.7866277214118895
1990	145	151	-8.042507269052521
1991	145	154	-2.3088984125568004
1992	129	151	-11.510737559720496
1993	129	154	-5.777128703224832
1994	128	151	-8.033683277952832
1995	128	154	-2.3000744214571682
1996	123	151	-8.031076439160643
1997	123	154	-2.2974675826649786
1998	119	151	-8.028797966742104
1999	119	154	-2.29518911024644
2000	108	151	-8.023184422248733
2001	108	154	-2.2895755657530685
2002	107	151	-8.022666878454345
2003	107	154	-2.289058021958681
2004	106	151	-8.022141676458943
2005	106	154	-2.2885328199632227
2006	100	151	-8.01897819547429
2007	100	154	-2.285369338978626
2008	94	151	-8.015802902604605
2009	94	154	-2.2821940461088843
2010	94	151	-8.015802902604605
2011	94	154	-2.2821940461088843
2012	93	151	-8.015249933962252
2013	93	154	-2.2816410774665314
2014	82	151	-8.009631987997295
2015	82	154	-2.2760232969025083
2016	79	151	-8.008113676792448
2017	79	154	-2.2744595552312035
2018	73	151	-2.262572048147433
2019	73	154	-2.271115821725857
2020	53	151	-2.252230477095736
2021	53	154	-2.260774250639031
2022	52	151	-5.7284232425982395
2023	52	154	-5.736967016141534
2024	48	151	-2.2496631377647986
2025	48	154	-2.2582069113080934
2026	47	151	-2.2491416365886607
2027	47	154	-2.2576854101319555
2028	46	151	-2.248619931774215
2029	46	154	-2.2571637053175095
2030	39	151	-2.244926499400833
2031	39	154	-2.253470272944071
2032	17	151	-2.2334317526730274
2033	17	154	-2.241975526216322
2034	14	151	-2.2318676574977303
2035	14	154	-2.240411431041025
2036	41	41	-1.6797137874868326
2037	41	41	-5.1563899508441295
2038	41	41	-1.6797137874868326
2039	41	41	-5.1563899508441295
2040	37	41	-1.6775500937955599
2041	37	41	-5.1542262571528
2042	41	41	-1.6797137874868326
2043	41	41	-5.1563899508441295
2044	41	41	-1.6797137874868326
2045	41	41	-5.1563899508441295
2046	41	41	-1.6797137874868326
2047	41	41	-5.1563899508441295
2048	41	41	-1.6797137874868326
2049	41	41	-5.1563899508441295
2050	41	41	-5.1563899508441295
2051	41	41	-1.6797137804376803
2052	41	41	-5.1563899508441295
2053	41	41	-1.6797137804376803
2054	41	41	-5.1563899508441295
2055	41	41	-1.6797137804376803
2056	41	41	-5.1563899508441295
2057	41	41	-1.6797137804376803
2058	41	41	-5.1563899508441295
2059	41	41	-1.6797137804376803
2060	41	41	-1.6797137874868326
2061	41	41	-5.1563899508441295
2062	32	41	-1.6750213260191913
2063	32	41	-5.1516974893745555
2064	28	41	-1.6729745625117403
2065	28	41	-5.149647163039617
2066	41	41	-1.6797137874868326
2067	41	41	-5.1563899508441295
2068	41	41	-1.6797137874868326
2069	41	41	-5.1563899508441295
2070	41	41	-1.6797137874868326
2071	41	41	-5.1563899508441295
2072	17	41	-1.6671968545620075
2073	17	41	-1.6671968545620643
2074	41	41	-1.6797137874868326
2075	41	41	-5.1563899508441295
2076	41	41	-5.1563899508441295
2077	41	41	-1.6797137804376803
2078	16	41	-1.6667176567228807
2079	16	41	-1.6667176567228807
2080	15	41	-1.666192796715677
2081	15	41	-1.666192796715677
2082	41	41	-5.1563899508441295
2083	41	41	-1.6797137804376803
2084	41	41	-5.1563899508441295
2085	41	41	-1.6797137804376803
2086	41	41	-5.1563899508441295
2087	41	41	-1.6797137804376803
2088	31	41	-5.1511762144552335
2089	31	41	-1.6745000441827074
2090	32	41	-5.151697489363016
2091	32	41	-1.675021318969982
2092	41	41	-5.1563899508441295
2093	41	41	-1.6797137804376803
2094	22	41	-5.131035998616653
2095	22	41	-1.6698420334231514
2096	39	41	-1.678631914775508
2097	39	41	-5.155308078132748
2098	35	41	-5.153217793955662
2099	35	41	-1.6765416235492125
2100	29	41	-5.150129393213717
2101	29	41	-1.6734533413201689
2102	26	41	-5.148566447280075
2103	26	41	-1.6718926704442083
2104	24	41	-1.6708104900943113
2105	24	41	-5.147462199669178
2106	20	41	-1.6687601483120602
2107	20	41	-1.6687601483118328
2108	15	41	-1.6661149604092884
2109	15	41	-1.6661149596258724
2110	12	41	-1.6645938095398947
2111	12	41	-1.6645938095398947
2112	11	41	-1.6640332870161387
2113	11	41	-1.6640332870161956
2114	127	151	-2.290857236092677
2115	127	153	-7.338541531345072
2116	22	151	-2.2359955591591643
2117	22	153	-2.2417100426835646
2118	117	151	-7.3265709552341605
2119	117	153	-2.2913583573986216
2120	90	151	-2.2715275651207207
2121	90	153	-7.319211860370842
2122	128	151	-10.69478223065994
2123	128	153	-5.6595696328244
2124	79	151	-5.8175518556556085
2125	79	153	-2.271428691239919
2126	113	151	-7.324485439243915
2127	113	153	-2.2892728414083763
2128	60	151	-2.255886161277317
2129	60	153	-2.2616006448017743
2130	92	151	-7.313497376848602
2131	92	153	-2.27828477901312
2132	23	151	-2.236522069370153
2133	23	153	-2.24223655289461
2134	122	151	-2.288211742270846
2135	122	153	-7.335896037523241
2136	115	151	-2.2846011435062223
2137	115	153	-7.332285438758618
2138	144	151	-2.2996820115468495
2139	144	153	-7.347366306799188
2140	50	151	-2.2503880340967157
2141	50	153	-2.256102517621173
2142	65	151	-2.258492986996316
2143	65	153	-2.2642074705207165
2144	141	151	-5.774822092603074
2145	141	153	-10.822506387855412
2146	74	151	-2.2632168421546908
2147	74	153	-2.268931325718995
2148	29	151	-2.2396456125523514
2149	29	153	-2.2453600960767517
2150	12	151	-2.2307868614615245
2151	12	153	-2.2365013449857543
2152	38	151	-2.244334925462283
2153	38	153	-2.2500494089866834
2154	45	151	-2.247952480415279
2155	45	153	-2.253666963939736
2156	13	151	-2.231269177103343
2157	13	153	-2.236983660627743
2158	80	151	-2.266313659533239
2159	80	153	-7.219397890631853
2160	53	151	-2.2522755901143796
2161	53	153	-2.25799007363878
2162	27	151	-2.238607178318432
2163	27	153	-2.2443216618428323
2164	141	151	-7.339079732368305
2165	141	153	-2.3038671345327657
2166	63	151	-2.2574503091957467
2167	63	153	-2.263164792720147
2168	35	151	-2.2427785873545076
2169	35	153	-2.248493070878908
2170	82	151	-2.2673956956441543
2171	82	153	-7.31502148613896
2172	102	151	-5.754502035057158
2173	102	153	-10.802186330309496
2174	45	151	-2.247952480415279
2175	45	153	-2.253666963939736
2176	23	151	-2.236522069370153
2177	23	153	-2.24223655289461
2178	19	151	-2.234396692431176
2179	19	153	-2.240111175955576
2180	126	151	-2.290254107137855
2181	126	153	-7.3379384023901935
2182	53	151	-2.2522755901143796
2183	53	153	-2.25799007363878
2184	11	151	-2.230226403325389
2185	11	153	-2.235940886454671
2186	142	151	-5.775315245733168
2187	142	153	-10.822999540985506
2188	65	151	-2.258492986996316
2189	65	153	-2.2642074705207165
2190	95	151	-2.274134524358658
2191	95	153	-7.321818819610996
2192	75	151	-2.263706935626317
2193	75	153	-2.2694175533510474
2194	74	151	-2.2632168421546908
2195	74	153	-2.268931325718995
2196	150	151	-7.343764688558906
2197	150	153	-2.308552090723367
2198	146	151	-7.341726094230978
2199	146	153	-2.3065134963954392
2200	143	151	-2.299234499077272
2201	143	153	-7.346918794329611
2202	142	151	-7.339640566771891
2203	142	153	-2.304427968936352
2204	139	151	-7.338076482953966
2205	139	153	-2.302863885118427
2206	136	151	-2.295546120343488
2207	136	153	-7.343230415595883
2208	131	151	-5.769664258214618
2209	131	153	-10.817348553467014
2210	126	151	-10.807985089682006
2211	126	153	-5.772772491846467
2212	120	151	-7.328130834312503
2213	120	153	-2.2929182364769645
2214	104	151	-2.27864746718393
2215	104	153	-7.3263317624362685
2216	95	151	-7.314979964732743
2217	95	153	-2.279767366897204
2218	91	151	-10.789313822594693
2219	91	153	-5.754101224759324
2220	83	151	-7.30870305666275
2221	83	153	-2.27350356116699
2222	73	151	-2.2625865452123435
2223	73	153	-2.268301450484387
2224	63	151	-2.257412375142394
2225	63	153	-2.2631268586667943
2226	60	151	-2.255809108264998
2227	60	153	-2.2615235917893983
2228	38	151	-2.2443740144216235
2229	38	153	-2.250088497946024
2230	36	151	-2.2433312635887432
2231	36	153	-2.2490457471132004
2232	36	151	-2.2433312635887432
2233	36	153	-2.2490457471132004
2234	28	151	-2.2390819016976025
2235	28	153	-2.2447963852220596
2236	27	151	-2.238525475996539
2237	27	153	-2.2442399595209395
2238	21	151	-2.235509834023617
2239	21	153	-2.241224317548017
2240	21	151	-2.235509834023617
2241	21	153	-2.241224317548017
2242	19	151	-2.234467849484986
2243	19	153	-2.240182333009443
2244	15	151	-2.232343246503092
2245	15	153	-2.238057730027549
2246	41	41	-5.156399836109074
2247	41	41	-1.6797450348790903
2248	41	41	-5.156399836109074
2249	41	41	-1.6797450348790903
2250	41	41	-5.156399836109074
2251	41	41	-1.6797450348790903
2252	13	41	-1.6651464676826322
2253	13	41	-1.6651464676826322
2254	41	41	-5.156399836109074
2255	41	41	-1.6797450348790903
2256	41	41	-5.156399836109074
2257	41	41	-1.6797450348790903
2258	27	41	-8.62577455461144
2259	27	41	-5.149119900076869
2260	41	41	-5.156399836109074
2261	41	41	-1.6797450348790903
2262	41	41	-5.156399836109074
2263	41	41	-1.6797450348790903
2264	41	41	-5.156399836109074
2265	41	41	-1.6797450348790903
2266	33	41	-5.152224946387037
2267	33	41	-1.6755701451584741
2268	41	41	-5.156399836109074
2269	41	41	-1.6797450348790903
2270	41	41	-5.156399836109074
2271	41	41	-1.6797450348790903
2272	41	41	-5.156399836109074
2273	41	41	-1.6797450348790903
2274	41	41	-5.156399836109074
2275	41	41	-1.6797450348790903
2276	41	41	-5.156399836109074
2277	41	41	-1.6797450348790903
2278	27	41	-5.149099575283458
2279	27	41	-1.6724449207488874
2280	41	41	-5.156399836109074
2281	41	41	-1.6797450348790903
2282	41	41	-5.156399836109074
2283	41	41	-1.6797450348790903
2284	41	41	-5.156399836109074
2285	41	41	-1.6797450348790903
2286	20	41	-1.6685967422321824
2287	20	41	-1.6687139542915475
2288	41	41	-5.156399836109074
2289	41	41	-1.6797450348790903
2290	41	41	-5.156399836109074
2291	41	41	-1.6797450348790903
2292	31	41	-5.151182177462999
2293	31	41	-1.6745273762477382
2294	41	41	-5.156399836109074
2295	41	41	-1.6797450348790903
2296	41	41	-5.156399836109074
2297	41	41	-1.6797450348790903
2298	39	41	-5.155357030074185
2299	39	41	-1.6787022288442017
2300	36	41	-5.153800734340621
2301	36	41	-1.677145933110637
2302	27	41	-5.149068847702779
2303	27	41	-1.6724140483422616
2304	22	41	-5.04255878588441
2305	22	41	-1.6698036951477775
2306	16	41	-1.6666746585024157
2307	16	41	-1.666674650680818
2308	15	41	-1.6661966339338505
2309	15	41	-1.6661966339338505
2310	41	41	-5.156489608763081
2311	41	41	-1.6798033178909577
2312	41	41	-1.6798033180330094
2313	41	41	-5.156489608763081
2314	41	41	-1.6798033180330094
2315	41	41	-5.156489608763081
2316	41	41	-1.6798033180330094
2317	41	41	-5.156489608763081
2318	41	41	-5.156489608763081
2319	41	41	-1.6798033178909577
2320	41	41	-5.156489608763081
2321	41	41	-1.6798033178909577
2322	41	41	-5.156489608763081
2323	41	41	-1.6798033178909577
2324	31	41	-5.151314889729463
2325	31	41	-1.6746285988736531
2326	41	41	-1.6798033180330094
2327	41	41	-5.156489608763081
2328	31	41	-1.6746285990157048
2329	31	41	-5.151314889717128
2330	41	41	-1.6798033180330094
2331	41	41	-5.156489608763081
2332	41	41	-1.6798033180330094
2333	41	41	-5.156489608763081
2334	41	41	-1.6798033180330094
2335	41	41	-5.156489608763081
2336	41	41	-5.156489608763081
2337	41	41	-1.6798033178909577
2338	10	41	-1.6636752444861713
2339	10	41	-1.6636752444857166
2340	41	41	-5.156489608763081
2341	41	41	-1.6798033178909577
2342	41	41	-5.156489608763081
2343	41	41	-1.6798033178909577
2344	41	41	-5.156489608763081
2345	41	41	-1.6798033178909577
2346	41	41	-5.156489608763081
2347	41	41	-1.6798033178909577
2348	39	41	-1.6787218557227561
2349	39	41	-5.155408146452828
2350	32	41	-1.6750170346977598
2351	32	41	-5.151703325427775
2352	27	41	-5.1491007692125095
2353	27	41	-1.6724144799123337
2354	27	41	-5.1491007692125095
2355	27	41	-1.6724144799123337
2356	24	41	-5.1451863913154625
2357	24	41	-1.6708503261634746
2358	19	41	-1.668203917929418
2359	19	41	-1.6682000048884333
2360	18	41	-1.6676790738869158
2361	18	41	-1.6676779010819587
2362	17	41	-1.667199875024835
2363	17	41	-1.6671998711150309
2364	16	41	-1.6666750264508892
2365	16	41	-1.666675022541483
2366	13	41	-1.6650756101271895
2367	13	41	-1.6650756101271327
2368	12	41	-1.664550801201358
2369	12	41	-1.664550801201358
2370	41	41	-5.156456199070192
2371	41	41	-1.6797804626845618
2372	41	41	-5.156456199070192
2373	41	41	-1.6797804626845618
2374	41	41	-1.6797804700208872
2375	41	41	-5.15645619903637
2376	41	41	-5.156456199070192
2377	41	41	-1.6797804626845618
2378	41	41	-1.6797804700208872
2379	41	41	-5.15645619903637
2380	41	41	-1.6797804700208872
2381	41	41	-5.15645619903637
2382	41	41	-1.6797804700208872
2383	41	41	-5.15645619903637
2384	24	41	-1.6709127763305105
2385	24	41	-5.143877002234376
2386	41	41	-1.6797804700208872
2387	41	41	-5.15645619903637
2388	32	41	-1.6751270165277106
2389	32	41	-5.15180274543485
2390	38	41	-5.154927300965824
2391	38	41	-1.6782515645802505
2392	41	41	-5.156456199070192
2393	41	41	-1.6797804626845618
2394	41	41	-5.156456199070192
2395	41	41	-1.6797804626845618
2396	23	41	-5.143286502563512
2397	23	41	-1.6704339885923787
2398	41	41	-5.156456199070192
2399	41	41	-1.6797804626845618
2400	41	41	-5.156456199070192
2401	41	41	-1.6797804626845618
2402	41	41	-5.156456199070192
2403	41	41	-1.6797804626845618
2404	41	41	-5.156456199070192
2405	41	41	-1.6797804626845618
2406	41	41	-5.156456199070192
2407	41	41	-1.6797804626845618
2408	28	41	-5.149717247673664
2409	28	41	-1.6730415305281667
2410	41	41	-5.156456199070192
2411	41	41	-1.6797804626845618
2412	41	41	-5.156456199070192
2413	41	41	-1.6797804626845618
2414	41	41	-1.6797804700208872
2415	41	41	-5.15645619903637
2416	41	41	-1.6797804700208872
2417	41	41	-5.15645619903637
2418	13	41	-1.6651062714668683
2419	13	41	-1.665106271466982
2420	26	41	-1.6719988402167019
2421	26	41	-5.148671728298666
2422	41	41	-1.6797804700208872
2423	41	41	-5.15645619903637
2424	41	41	-1.6797804700208872
2425	41	41	-5.15645619903637
2426	33	41	-1.6756442917737218
2427	33	41	-5.152320020788977
2428	26	41	-1.6718379378705208
2429	26	41	-5.136807332981789
2430	19	41	-1.668243065008312
2431	19	41	-1.6682422827593086
2432	19	41	-1.668243065008312
2433	19	41	-1.6682422827593086
2434	16	41	-1.666679219380228
2435	16	41	-1.666679227206032
2436	11	41	-1.6640684630890519
2437	11	41	-1.6640684630889382
2438	41	41	-1.6797486388521747
2439	41	41	-5.156424692073017
2440	41	41	-1.6797486388521747
2441	41	41	-5.156424692073017
2442	41	41	-5.156414027977291
2443	41	41	-8.632717905237882
2444	41	41	-5.15646091507017
2445	41	41	-8.633136968291012
2446	41	41	-1.6797486388521747
2447	41	41	-5.156424692073017
2448	41	41	-1.6797486388521747
2449	41	41	-5.156424692073017
2450	19	41	-1.6682782920754562
2451	19	41	-1.6682779011327398
2452	41	41	-1.6797486388521747
2453	41	41	-5.156424692073017
2454	41	41	-1.6797486388521747
2455	41	41	-5.156424692073017
2456	41	41	-1.6797486388521747
2457	41	41	-5.156424692073017
2458	41	41	-1.6797486388521747
2459	41	41	-5.156424692073017
2460	41	41	-1.6797486388521747
2461	41	41	-5.156424692073017
2462	41	41	-1.6797486388521747
2463	41	41	-5.156424692073017
2464	20	41	-1.6687960722160256
2465	20	41	-1.6687569864981242
2466	41	41	-1.6797486388521747
2467	41	41	-5.156424692073017
2468	41	41	-1.6797486388521747
2469	41	41	-5.156424692073017
2470	41	41	-1.6797486388521747
2471	41	41	-5.156424692073017
2472	41	41	-1.6797486388521747
2473	41	41	-5.156424692073017
2474	10	41	-1.6635782953219973
2475	10	41	-1.663578323750869
2476	41	41	-1.6797486388521747
2477	41	41	-5.156424692073017
2478	41	41	-5.156298338357033
2479	41	41	-8.632974391577875
2480	22	41	-1.6698420041001896
2481	22	41	-5.1310779655089505
2482	41	41	-5.156432851927036
2483	41	41	-8.633108905147822
2484	41	41	-1.6797486388521747
2485	41	41	-5.156424692073017
2486	41	41	-1.6797486388521747
2487	41	41	-5.156424692073017
2488	41	41	-1.6797486388521747
2489	41	41	-5.156424692073017
2490	41	41	-1.6797486388521747
2491	41	41	-5.156424692073017
2492	41	41	-1.6797486388521747
2493	41	41	-5.156424692073017
2494	15	41	-1.666173458344474
2495	15	41	-1.666173458742378
2496	41	41	-1.6797486388521747
2497	41	41	-5.156424692073017
2498	12	41	-1.664605555128162
2499	12	41	-1.6646055554259078
2500	23	41	-1.6703602898172676
2501	23	41	-5.145586886320984
2502	41	41	-1.6797486388521747
2503	41	41	-5.156424692073017
2504	41	41	-1.6797486388521747
2505	41	41	-5.156424692073017
2506	30	41	-1.67400989360425
2507	30	41	-5.150685946570775
2508	40	41	-1.6792312048980307
2509	40	41	-5.155907258118873
2510	24	41	-1.6708813134570164
2511	24	41	-5.145193657156199
2512	13	41	-1.6651535795970744
2513	13	41	-1.6651535795970744
2514	31	151	-2.2407829795231464
2515	31	154	-2.249326753066441
2516	82	151	-2.2673334135160417
2517	82	154	-7.826223051779266
2518	86	151	-2.269419764608699
2519	86	154	-7.846008091530564
2520	105	151	-2.2793610981261168
2521	105	154	-7.855966138275448
2522	69	151	-2.2605949808666423
2523	69	154	-2.26913875440988
2524	94	151	-2.2735476486024595
2525	94	154	-7.850152688751791
2526	22	151	-2.235875487087526
2527	22	154	-2.2444192606308206
2528	58	151	-2.2548437963554306
2529	58	154	-2.2633875698987254
2530	145	151	-11.343493074485139
2531	145	154	-5.785539712295076
2532	12	151	-2.2307791047778665
2533	12	154	-2.239322878321161
2534	132	151	-2.2935320855930286
2535	132	154	-7.87013712574236
2536	24	151	-2.2369689278431224
2537	24	154	-2.245512701386417
2538	99	151	-2.276236340364278
2539	99	154	-7.85284138051361
2540	41	151	-2.2459927929827472
2541	41	154	-2.254536566526042
2542	68	151	-2.260074036854405
2543	68	154	-2.268617810397757
2544	106	151	-7.846379615163414
2545	106	154	-2.2884262529734087
2546	22	151	-2.235875487087526
2547	22	154	-2.2444192606308206
2548	36	151	-2.243389850494111
2549	36	154	-2.251933624037406
2550	43	151	-2.2470313708424783
2551	43	154	-2.255575144385773
2552	73	151	-2.2626808540922525
2553	73	154	-2.2712246272055836
2554	16	151	-2.2328724121976506
2555	16	154	-2.2414161857409454
2556	150	151	-14.822720833787912
2557	150	154	-9.264767471597906
2558	145	151	-7.866932201797454
2559	145	154	-2.308978839607448
2560	138	151	-7.863286567214288
2561	138	154	-2.305333205024283
2562	137	151	-7.86276473747364
2563	137	154	-2.3048113752836343
2564	131	151	-2.2929462444548108
2565	131	154	-7.869551284604142
2566	105	151	-5.756178137077768
2567	105	154	-11.3327831772271
2568	90	151	-7.838170492920426
2569	90	154	-2.2802171307333765
2570	83	151	-2.2680228841705343
2571	83	154	-7.844611780571711
2572	83	151	-2.2680228841705343
2573	83	154	-7.844611780571711
2574	80	151	-7.83291856610515
2575	80	154	-2.275003335375061
2576	78	151	-2.265412384552235
2577	78	154	-7.782392736225233
2578	69	151	-2.260724403134475
2579	69	154	-2.2692681766777696
2580	61	151	-2.2565531985123926
2581	61	154	-2.2650969720556873
2582	56	151	-2.253946105775981
2583	56	154	-2.2624898793192756
2584	50	151	-2.2508182048368894
2585	50	154	-2.259361978380184
2586	49	151	-2.250292950045946
2587	49	154	-2.2588367235892406
2588	45	151	-2.247921983769686
2589	45	154	-2.2564657573129807
2590	39	151	-2.2449540111132933
2591	39	154	-2.253497784656588
2592	35	151	-2.2428685024862034
2593	35	154	-2.251412276029498
2594	30	151	-5.7169326170007935
2595	30	154	-5.725476390544088
2596	26	151	-2.2381761216194604
2597	26	154	-2.246719895162755
2598	25	151	-2.237654797281266
2599	25	154	-2.2461985708245606
2600	16	151	-2.2330014204375743
2601	16	154	-2.241545193980869
2602	11	151	-2.230394610754047
2603	11	154	-2.23893838429251
